/*
 Navicat Premium Data Transfer

 Source Server         : localhost
 Source Server Type    : MySQL
 Source Server Version : 80023
 Source Host           : localhost:3306
 Source Schema         : crm

 Target Server Type    : MySQL
 Target Server Version : 80023
 File Encoding         : 65001

 Date: 02/06/2021 19:33:05
*/

SET NAMES utf8;
SET FOREIGN_KEY_CHECKS = 0;

-- ----------------------------
-- Table structure for t_cus_dev_plan
-- ----------------------------
DROP TABLE IF EXISTS `t_cus_dev_plan`;
CREATE TABLE `t_cus_dev_plan`  (
  `id` int NOT NULL AUTO_INCREMENT,
  `sale_chance_id` int NULL DEFAULT NULL,
  `plan_item` varchar(100) CHARACTER SET utf8 COLLATE utf8_general_ci NULL DEFAULT NULL,
  `plan_date` datetime NULL DEFAULT NULL,
  `exe_affect` varchar(100) CHARACTER SET utf8 COLLATE utf8_general_ci NULL DEFAULT NULL,
  `create_date` datetime NULL DEFAULT NULL,
  `update_date` datetime NULL DEFAULT NULL,
  `is_valid` int NULL DEFAULT 1,
  PRIMARY KEY (`id`) USING BTREE,
  INDEX `FK_t_cus_dev_plan`(`sale_chance_id`) USING BTREE
) ENGINE = InnoDB AUTO_INCREMENT = 97 CHARACTER SET = utf8 COLLATE = utf8_general_ci ROW_FORMAT = DYNAMIC;

-- ----------------------------
-- Records of t_cus_dev_plan
-- ----------------------------
INSERT INTO `t_cus_dev_plan` VALUES (6, 16, '2121', '2015-05-28 00:00:00', '', NULL, NULL, 1);
INSERT INTO `t_cus_dev_plan` VALUES (7, 16, '21121', '2015-05-19 00:00:00', '', NULL, NULL, 1);
INSERT INTO `t_cus_dev_plan` VALUES (8, 19, '21', '2015-05-28 00:00:00', '', NULL, NULL, 1);
INSERT INTO `t_cus_dev_plan` VALUES (9, 2, '1', '2015-05-27 00:00:00', '2', NULL, NULL, 1);
INSERT INTO `t_cus_dev_plan` VALUES (10, 2, '2', '2015-05-28 00:00:00', '', NULL, NULL, 1);
INSERT INTO `t_cus_dev_plan` VALUES (11, 21, '好', '2015-06-09 00:00:00', '额', NULL, NULL, 1);
INSERT INTO `t_cus_dev_plan` VALUES (12, 22, '联系客户，介绍产品', '2015-06-01 00:00:00', '有点效果', NULL, NULL, 1);
INSERT INTO `t_cus_dev_plan` VALUES (13, 22, '请客户吃饭，洽谈', '2015-06-07 00:00:00', '成功了', NULL, NULL, 1);
INSERT INTO `t_cus_dev_plan` VALUES (14, 15, '洽谈1', '2015-06-09 00:00:00', '可以', NULL, '2016-12-27 14:32:54', 1);
INSERT INTO `t_cus_dev_plan` VALUES (24, 1, '213', '2015-07-14 00:00:00', '321', NULL, NULL, 1);
INSERT INTO `t_cus_dev_plan` VALUES (25, 15, 'sdsf', '2016-08-24 00:00:00', 'sdfs', '2016-08-24 00:46:07', '2016-08-24 00:46:07', 0);
INSERT INTO `t_cus_dev_plan` VALUES (26, 15, '交接3454353weewrweewrewrwr', '2016-08-24 00:00:00', 'Ok', '2016-08-24 00:00:00', '2016-12-27 14:32:53', 1);
INSERT INTO `t_cus_dev_plan` VALUES (27, 24, '洽谈', '2016-08-24 00:00:00', '可以', '2016-08-24 10:47:50', '2016-08-24 10:47:50', 1);
INSERT INTO `t_cus_dev_plan` VALUES (28, 24, '好的', '2016-08-23 00:00:00', '急啊', '2016-08-24 10:51:56', '2016-08-24 10:51:56', 1);
INSERT INTO `t_cus_dev_plan` VALUES (29, 23, '洽谈', '2016-08-24 00:00:00', '可以', '2016-08-24 10:57:26', '2016-08-24 10:57:26', 1);
INSERT INTO `t_cus_dev_plan` VALUES (30, 23, '2', '2016-08-24 00:00:00', '2', '2016-08-24 11:01:54', '2016-08-24 11:10:45', 0);
INSERT INTO `t_cus_dev_plan` VALUES (31, 23, '2', '2016-08-24 00:00:00', '2', '2016-08-24 11:11:23', '2016-08-24 11:11:23', 1);
INSERT INTO `t_cus_dev_plan` VALUES (32, 20, '1', '2016-08-24 00:00:00', '1', '2016-08-24 11:28:33', '2016-08-24 11:28:33', 1);
INSERT INTO `t_cus_dev_plan` VALUES (33, 20, '1', '2016-08-24 00:00:00', '1', '2016-08-24 11:28:53', '2016-08-24 11:28:53', 1);
INSERT INTO `t_cus_dev_plan` VALUES (34, 20, '2', '2016-08-24 10:00:00', '2', '2016-08-24 11:29:01', '2016-09-01 10:23:40', 1);
INSERT INTO `t_cus_dev_plan` VALUES (35, 26, '请客吃饭1', '2016-08-31 13:00:00', 'OK1', '2016-08-31 16:54:14', '2016-08-31 19:43:23', 1);
INSERT INTO `t_cus_dev_plan` VALUES (36, 26, '12', '2016-08-31 20:00:00', '234', '2016-08-31 17:04:17', '2016-08-31 17:04:17', 0);
INSERT INTO `t_cus_dev_plan` VALUES (37, 26, 'sdfs', '2016-08-31 06:00:00', 'dfd', '2016-08-31 17:19:53', '2016-08-31 17:19:53', 0);
INSERT INTO `t_cus_dev_plan` VALUES (38, 26, '11', '2016-08-31 00:00:00', '11', '2016-08-31 19:36:38', '2016-08-31 19:36:38', 0);
INSERT INTO `t_cus_dev_plan` VALUES (39, 26, '1111', '2016-08-31 20:00:00', '111', '2016-08-31 19:40:26', '2016-08-31 19:43:31', 0);
INSERT INTO `t_cus_dev_plan` VALUES (40, 26, '111', '2016-09-21 00:00:00', '111', '2016-09-01 09:51:43', '2016-09-01 09:51:43', 0);
INSERT INTO `t_cus_dev_plan` VALUES (41, 26, '11', '2016-09-01 01:00:00', '11', '2016-09-01 09:52:48', '2016-09-01 09:52:48', 1);
INSERT INTO `t_cus_dev_plan` VALUES (42, 26, 'dsd', '2016-09-01 10:14:36', 'sdfsd', '2016-09-01 10:14:41', '2016-09-01 10:14:41', 0);
INSERT INTO `t_cus_dev_plan` VALUES (43, 26, 'eeee', '2016-09-01 10:14:45', 'sdfsdf', '2016-09-01 10:14:48', '2016-09-08 10:00:27', 0);
INSERT INTO `t_cus_dev_plan` VALUES (44, 26, 'sdfsd', '2016-09-01 14:53:41', 'sdfsdf', '2016-09-01 14:53:45', '2016-09-01 14:53:45', 0);
INSERT INTO `t_cus_dev_plan` VALUES (45, 28, 'haode', '2016-09-08 00:00:00', '1', '2016-09-08 09:57:10', '2016-09-08 09:57:10', 1);
INSERT INTO `t_cus_dev_plan` VALUES (46, 26, 'adasdasdasd', '2016-11-11 00:00:00', 'sadasdsd', '2016-11-24 11:21:22', '2016-11-24 11:21:22', 0);
INSERT INTO `t_cus_dev_plan` VALUES (47, 26, 'asdasdsadsadasdasd', '2016-11-22 00:00:00', 'sadasdsad', '2016-11-24 11:23:37', '2016-11-24 11:23:37', 1);
INSERT INTO `t_cus_dev_plan` VALUES (48, 26, '123213', '2016-11-23 00:00:00', '12323', '2016-11-24 11:26:41', '2016-11-24 11:26:41', 1);
INSERT INTO `t_cus_dev_plan` VALUES (49, 26, 'aaaaaaaaaa', '2016-11-22 00:00:00', 'aaaaaaaaa', '2016-11-24 11:27:19', '2016-11-24 11:27:19', 1);
INSERT INTO `t_cus_dev_plan` VALUES (50, 26, '无32', '2016-11-24 00:00:00', '23423', '2016-11-24 11:56:59', '2016-11-24 11:56:59', 1);
INSERT INTO `t_cus_dev_plan` VALUES (51, 26, '324324', '2016-11-29 00:00:00', '23434', '2016-11-24 11:57:09', '2016-11-24 11:57:09', 1);
INSERT INTO `t_cus_dev_plan` VALUES (52, 26, '23434', '2016-11-30 00:00:00', '324324', '2016-11-24 11:57:16', '2016-11-24 11:57:16', 1);
INSERT INTO `t_cus_dev_plan` VALUES (53, 26, '32432', '2016-11-29 00:00:00', '432', '2016-11-24 11:57:22', '2016-11-24 11:57:22', 1);
INSERT INTO `t_cus_dev_plan` VALUES (54, 26, '234324', '2016-11-25 00:00:00', '32424', '2016-11-24 11:57:29', '2016-11-24 11:57:29', 1);
INSERT INTO `t_cus_dev_plan` VALUES (55, 26, '2341111', '2016-11-23 00:00:00', '324311111', '2016-11-24 11:57:37', '2017-08-14 16:46:24', 1);
INSERT INTO `t_cus_dev_plan` VALUES (56, 15, '2132132', '2016-12-06 00:00:00', '123213', '2016-12-06 00:00:00', '2016-12-27 14:32:53', 1);
INSERT INTO `t_cus_dev_plan` VALUES (57, 15, '青蛙23123213453453', '2016-12-01 00:00:00', 'AS阿三', '2016-12-06 00:00:00', '2016-12-27 14:32:49', 1);
INSERT INTO `t_cus_dev_plan` VALUES (58, 15, '啊飒飒的wqqwqe', '2016-12-14 00:00:00', '阿斯顿', '2016-12-05 00:00:00', '2016-12-27 14:32:52', 0);
INSERT INTO `t_cus_dev_plan` VALUES (59, 15, '56757', '2016-12-08 00:00:00', '56767', '2016-12-26 22:42:39', '2016-12-26 22:42:39', 0);
INSERT INTO `t_cus_dev_plan` VALUES (60, 15, '3423424', '2016-12-09 00:00:00', '324324', '2016-12-26 22:44:29', '2016-12-26 22:44:29', 0);
INSERT INTO `t_cus_dev_plan` VALUES (61, 30, '3243', '2016-12-16 00:00:00', '32432', '2016-12-26 23:06:48', '2016-12-26 23:06:48', 1);
INSERT INTO `t_cus_dev_plan` VALUES (62, 30, '234324', '2016-12-29 00:00:00', '3243', '2016-12-26 23:07:19', '2016-12-26 23:07:19', 1);
INSERT INTO `t_cus_dev_plan` VALUES (63, 30, '3454', '2016-12-22 00:00:00', '5435', '2016-12-26 23:11:19', '2016-12-26 23:11:19', 1);
INSERT INTO `t_cus_dev_plan` VALUES (66, 15, 'test002', '2016-12-25 00:00:00', 'test002', NULL, '2016-12-27 14:10:03', 0);
INSERT INTO `t_cus_dev_plan` VALUES (67, 15, '23234232343243', '2016-12-20 00:00:00', '234324', NULL, '2016-12-27 13:20:06', 0);
INSERT INTO `t_cus_dev_plan` VALUES (68, 32, 'test001', '2016-12-27 00:00:00', 'ok', '2016-12-27 14:34:07', '2016-12-27 14:34:07', 1);
INSERT INTO `t_cus_dev_plan` VALUES (69, 17, 'eee', '2017-03-01 00:00:00', 'eeee', '2017-03-01 15:46:56', '2017-03-01 15:46:56', 0);
INSERT INTO `t_cus_dev_plan` VALUES (70, 17, 'hello', '2017-03-08 00:00:00', 'hello', '2017-03-01 15:48:04', '2017-03-01 15:48:04', 0);
INSERT INTO `t_cus_dev_plan` VALUES (71, 17, 'hello', '2017-03-02 00:00:00', 'hello', '2017-03-01 15:58:31', '2017-03-01 15:58:31', 0);
INSERT INTO `t_cus_dev_plan` VALUES (72, 17, 'hello', '2017-03-23 00:00:00', 'hello', '2017-03-01 15:59:44', '2017-03-01 15:59:44', 0);
INSERT INTO `t_cus_dev_plan` VALUES (73, 17, 'jjj', '2017-03-16 00:00:00', 'ddd', '2017-03-01 16:03:19', '2017-03-01 16:03:19', 1);
INSERT INTO `t_cus_dev_plan` VALUES (74, 17, 'iii', '2017-03-09 00:00:00', 'iiiii', '2017-03-01 16:06:40', '2017-03-01 16:06:40', 1);
INSERT INTO `t_cus_dev_plan` VALUES (75, 17, 'hjjj', '2017-03-29 00:00:00', 'hjjj', '2017-03-01 16:17:18', '2017-03-01 16:17:18', 0);
INSERT INTO `t_cus_dev_plan` VALUES (76, 17, 'sssd', '2017-03-22 00:00:00', 'ddd', '2017-03-01 16:21:33', '2017-03-01 16:21:33', 0);
INSERT INTO `t_cus_dev_plan` VALUES (77, 17, 'ddd', '2017-03-07 00:00:00', 'ddd', '2017-03-01 16:24:38', '2017-03-01 16:24:38', 1);
INSERT INTO `t_cus_dev_plan` VALUES (78, 57, '打电话', '2017-06-29 00:00:00', '还行', '2017-06-29 08:30:45', '2017-06-29 08:30:45', 1);
INSERT INTO `t_cus_dev_plan` VALUES (79, NULL, '水电费', '2017-06-29 00:00:00', '水电费', '2017-06-29 17:12:46', '2017-06-29 17:12:46', 1);
INSERT INTO `t_cus_dev_plan` VALUES (80, NULL, '辅导', '2017-06-29 00:00:00', '水电费', '2017-06-29 17:15:32', '2017-06-29 17:15:32', 1);
INSERT INTO `t_cus_dev_plan` VALUES (81, NULL, '约饭', '2017-06-29 00:00:00', '达成协议', '2017-06-29 17:17:14', '2017-06-29 17:17:14', 1);
INSERT INTO `t_cus_dev_plan` VALUES (82, NULL, '地方', '2017-06-22 00:00:00', '水电费', '2017-06-29 17:17:43', '2017-06-29 17:17:43', 1);
INSERT INTO `t_cus_dev_plan` VALUES (83, NULL, '的', '2017-06-01 00:00:00', '水电费', '2017-06-29 17:18:21', '2017-06-29 17:18:21', 1);
INSERT INTO `t_cus_dev_plan` VALUES (84, 56, '的', '2017-06-29 00:00:00', '的', '2017-06-29 17:20:41', '2017-06-29 17:20:41', 1);
INSERT INTO `t_cus_dev_plan` VALUES (85, 56, '签合同', '2017-06-30 00:00:00', '哈哈', '2017-06-29 17:20:55', '2017-06-29 17:20:55', 0);
INSERT INTO `t_cus_dev_plan` VALUES (86, 55, '呵呵', '2017-06-30 00:00:00', '呵呵', '2017-06-29 17:22:47', '2017-06-29 17:22:47', 1);
INSERT INTO `t_cus_dev_plan` VALUES (87, 55, '1111', '2017-06-30 00:00:00', '有', '2017-06-29 17:29:44', '2017-06-29 17:38:25', 1);
INSERT INTO `t_cus_dev_plan` VALUES (88, 49, 'sdfsdfsfsfsdf', '2017-06-30 00:00:00', 'sdf', '2017-06-30 11:04:32', '2017-06-30 11:05:03', 1);
INSERT INTO `t_cus_dev_plan` VALUES (89, 62, '请客洽谈', '2017-08-14 00:00:00', '良好', '2017-08-14 14:11:38', '2017-08-14 14:11:38', 1);
INSERT INTO `t_cus_dev_plan` VALUES (90, 62, '签单', '2017-08-15 00:00:00', '非常好', '2017-08-14 14:12:30', '2017-08-14 14:12:30', 1);
INSERT INTO `t_cus_dev_plan` VALUES (91, 26, '请客吃饭', '2017-08-14 00:00:00', '为211', '2017-08-14 16:37:04', '2017-08-14 16:37:04', 0);
INSERT INTO `t_cus_dev_plan` VALUES (92, 26, '签单', '2017-08-15 00:00:00', '12', '2017-08-14 16:38:01', '2017-08-14 16:38:01', 0);
INSERT INTO `t_cus_dev_plan` VALUES (93, 62, '继续请客', '2017-08-17 00:00:00', 'good', '2017-08-14 16:55:38', '2017-08-14 16:55:38', 1);
INSERT INTO `t_cus_dev_plan` VALUES (94, 62, 'wanshi', '2017-08-23 00:00:00', 'hao', '2017-08-14 16:55:48', '2017-08-14 16:55:48', 0);
INSERT INTO `t_cus_dev_plan` VALUES (95, 62, '请客到底123', '2021-05-20 00:00:00', '非常好', '2021-05-20 16:33:55', '2021-05-20 16:34:43', 0);
INSERT INTO `t_cus_dev_plan` VALUES (96, 61, '请客到底123', '2021-05-20 00:00:00', '非常好', '2021-05-20 16:37:38', '2021-05-20 16:39:14', 0);

-- ----------------------------
-- Table structure for t_customer
-- ----------------------------
DROP TABLE IF EXISTS `t_customer`;
CREATE TABLE `t_customer`  (
  `id` int NOT NULL AUTO_INCREMENT,
  `khno` varchar(20) CHARACTER SET utf8 COLLATE utf8_general_ci NULL DEFAULT NULL,
  `name` varchar(20) CHARACTER SET utf8 COLLATE utf8_general_ci NULL DEFAULT NULL,
  `area` varchar(20) CHARACTER SET utf8 COLLATE utf8_general_ci NULL DEFAULT NULL,
  `cus_manager` varchar(20) CHARACTER SET utf8 COLLATE utf8_general_ci NULL DEFAULT NULL,
  `level` varchar(30) CHARACTER SET utf8 COLLATE utf8_general_ci NULL DEFAULT NULL,
  `myd` varchar(30) CHARACTER SET utf8 COLLATE utf8_general_ci NULL DEFAULT NULL,
  `xyd` varchar(30) CHARACTER SET utf8 COLLATE utf8_general_ci NULL DEFAULT NULL,
  `address` varchar(500) CHARACTER SET utf8 COLLATE utf8_general_ci NULL DEFAULT NULL,
  `post_code` varchar(50) CHARACTER SET utf8 COLLATE utf8_general_ci NULL DEFAULT NULL,
  `phone` varchar(20) CHARACTER SET utf8 COLLATE utf8_general_ci NULL DEFAULT NULL,
  `fax` varchar(20) CHARACTER SET utf8 COLLATE utf8_general_ci NULL DEFAULT NULL,
  `web_site` varchar(20) CHARACTER SET utf8 COLLATE utf8_general_ci NULL DEFAULT NULL,
  `yyzzzch` varchar(50) CHARACTER SET utf8 COLLATE utf8_general_ci NULL DEFAULT NULL,
  `fr` varchar(20) CHARACTER SET utf8 COLLATE utf8_general_ci NULL DEFAULT NULL,
  `zczj` varchar(20) CHARACTER SET utf8 COLLATE utf8_general_ci NULL DEFAULT NULL,
  `nyye` varchar(20) CHARACTER SET utf8 COLLATE utf8_general_ci NULL DEFAULT NULL,
  `khyh` varchar(50) CHARACTER SET utf8 COLLATE utf8_general_ci NULL DEFAULT NULL,
  `khzh` varchar(50) CHARACTER SET utf8 COLLATE utf8_general_ci NULL DEFAULT NULL,
  `dsdjh` varchar(50) CHARACTER SET utf8 COLLATE utf8_general_ci NULL DEFAULT NULL,
  `gsdjh` varchar(50) CHARACTER SET utf8 COLLATE utf8_general_ci NULL DEFAULT NULL,
  `state` int NULL DEFAULT NULL,
  `is_valid` int NULL DEFAULT 1,
  `create_date` datetime NULL DEFAULT NULL,
  `update_date` datetime NULL DEFAULT NULL,
  PRIMARY KEY (`id`) USING BTREE
) ENGINE = InnoDB AUTO_INCREMENT = 42 CHARACTER SET = utf8 COLLATE = utf8_general_ci ROW_FORMAT = DYNAMIC;

-- ----------------------------
-- Records of t_customer
-- ----------------------------
INSERT INTO `t_customer` VALUES (1, 'KH21321321', '北京大牛科技', '北京', 'test', '战略合作伙伴', '☆☆☆', '☆☆☆', '北京海淀区双榆树东里15号', '100027', '010-62263393', '010-62263393', 'www.daniu.com', '420103000057404', '赵飞翔', '1000', '5000', '中国银行', '6225231243641', '4422214321321', '4104322332', 0, 1, '2017-01-16 11:28:43', '2016-08-24 18:42:19');
INSERT INTO `t_customer` VALUES (2, 'KH20150526073022', '风驰科技', '北京', 'test', '大客户', '☆☆☆☆', '☆☆☆☆', '321', '21', '321', '321', '321', '321', '码云', '', '21', '321', '321', '321', '3213', 0, 1, '2017-01-16 12:15:19', '2016-11-28 11:46:24');
INSERT INTO `t_customer` VALUES (20, 'KH201709181013450', '腾讯', '测试', 'test', '大客户', '☆☆☆☆☆', '☆☆☆☆', '', '', '13327792156', '', '', NULL, '赵飞翔', '', '', '', '', '', '', 0, 1, '2017-01-16 10:13:57', '2020-02-19 10:30:26');
INSERT INTO `t_customer` VALUES (21, 'KH201709181112739', '阿里巴巴', '北京', 'test01', '战略合作伙伴', '☆☆☆☆☆', '☆☆☆☆☆', '浙江杭州', '324324', '23424324324', '2343', 'www.alibaba.com', '232432', '码云', '100', '100000', '杭州', '23432432', '4324324', '234324234', 0, 1, '2017-01-16 11:12:16', '2017-09-18 11:25:25');
INSERT INTO `t_customer` VALUES (22, 'KH20171021105508617', '中国工商银行', '上海', 'test', '战略合作伙伴', '☆☆☆☆☆', '☆☆☆☆☆', '浦东', '201600', '18920156732', '12312321', 'www.icbc.com', '12323', '吴三强', '1000000', '100000', '工商', '212321', '', '', 0, 1, '2017-01-16 10:55:09', '2020-11-14 02:28:37');
INSERT INTO `t_customer` VALUES (23, 'KH20180115104723756', '百度', '北京', 'test', '战略合作伙伴', '☆☆☆☆', '☆☆☆☆☆', '北京西二旗', '100000', '2321321', '213123', '123213', '2321321', '李彦宏', '10000', '100000', '工商', '121321313', '', '', 0, 1, '2018-01-16 10:47:23', '2018-01-15 10:50:00');
INSERT INTO `t_customer` VALUES (24, 'KH20180504112003301', '小米科技', '上海', 'test', '重点开发客户', '☆☆☆☆☆', '☆☆☆☆☆', '北京市海淀区清河中街68号华润五彩城购物中心二期13层', '1000000', '010-12345678', '123123131', 'www.xiaomi.com', '110108012660422', '雷军', '185000', '5000000', '中国银行', '99999999999', '91110108551385082Q', '91110108551385082Q', 0, 1, '2018-05-04 11:16:21', '2018-05-04 11:22:24');
INSERT INTO `t_customer` VALUES (32, 'KH1605352800204', '网易test', '上海', 'admin', '大客户', '☆☆☆☆☆', '☆☆☆☆☆', '', '', '13787654345', '', '', NULL, '张三test', '', '', '', '', '', '', 0, 1, '2020-11-14 19:20:00', '2020-11-14 20:20:59');
INSERT INTO `t_customer` VALUES (33, 'KH1605352897591', '网易科技', '上海', 'zhangsan', '战略合作伙伴', '☆☆☆☆☆', '☆☆☆☆☆', NULL, NULL, '1589876543', NULL, NULL, NULL, '张三', NULL, NULL, NULL, NULL, NULL, NULL, 0, 1, '2020-11-14 19:21:38', '2020-11-14 19:21:38');
INSERT INTO `t_customer` VALUES (34, 'KH1605352974388', '网易科技有限公司', '上海', 'zhangsan', '战略合作伙伴', '☆☆☆☆☆', '☆☆☆☆☆', NULL, NULL, '15898765437', NULL, NULL, NULL, '张三', NULL, NULL, NULL, NULL, NULL, NULL, 0, 1, '2020-11-14 19:22:54', '2020-11-14 19:22:54');
INSERT INTO `t_customer` VALUES (35, 'KH1605353772927', '腾讯科技', '上海', 'zhangsan', '战略合作伙伴', '☆☆☆☆☆', '☆☆☆☆☆', '', '', '13787654345', '', '', NULL, '马化腾', '', '', '', '', '', '', 0, 1, '2020-11-14 19:36:13', '2020-11-14 20:21:04');
INSERT INTO `t_customer` VALUES (36, 'KH1605353908782', '测试测试', '上海', 'zhangsan', '战略合作伙伴', '☆☆☆☆☆', '☆☆☆☆☆', '', '', '15898765437', '', NULL, NULL, 'zhangsan', '', '', '', '', '', '', 0, 0, '2020-11-14 19:38:29', '2021-05-18 14:38:41');

-- ----------------------------
-- Table structure for t_customer_contact
-- ----------------------------
DROP TABLE IF EXISTS `t_customer_contact`;
CREATE TABLE `t_customer_contact`  (
  `id` int NOT NULL AUTO_INCREMENT,
  `cus_id` int NULL DEFAULT NULL,
  `contact_time` datetime NULL DEFAULT NULL,
  `address` varchar(500) CHARACTER SET utf8 COLLATE utf8_general_ci NULL DEFAULT NULL,
  `overview` varchar(100) CHARACTER SET utf8 COLLATE utf8_general_ci NULL DEFAULT NULL,
  `create_date` datetime NULL DEFAULT NULL,
  `update_date` datetime NULL DEFAULT NULL,
  `is_valid` int NULL DEFAULT 1,
  PRIMARY KEY (`id`) USING BTREE
) ENGINE = InnoDB AUTO_INCREMENT = 14 CHARACTER SET = utf8 COLLATE = utf8_general_ci ROW_FORMAT = DYNAMIC;

-- ----------------------------
-- Records of t_customer_contact
-- ----------------------------
INSERT INTO `t_customer_contact` VALUES (1, 1, '2015-05-14 05:00:00', '1', '2', NULL, NULL, 1);
INSERT INTO `t_customer_contact` VALUES (2, 1, '2015-05-06 00:00:00', '12', '22', NULL, NULL, 1);
INSERT INTO `t_customer_contact` VALUES (3, 1, '2015-08-22 00:00:00', '珠江路2', '吃饭2', NULL, NULL, 1);
INSERT INTO `t_customer_contact` VALUES (4, 1, '2016-09-01 00:00:00', '112', '233', '2016-09-01 09:53:39', '2016-09-01 09:53:39', 0);
INSERT INTO `t_customer_contact` VALUES (5, 1, '2016-11-22 00:00:00', '师德师风', '阿德的', '2016-11-25 09:38:37', '2016-11-25 09:38:37', 1);
INSERT INTO `t_customer_contact` VALUES (6, NULL, '2017-07-03 16:15:44', '兰州拉面大酒店', '吃大盘鸡', '2017-07-03 16:16:02', '2017-07-03 16:16:02', 1);
INSERT INTO `t_customer_contact` VALUES (7, NULL, '2017-07-03 16:16:28', '拉面大酒店', '吃大盘鸡', '2017-07-03 16:16:48', '2017-07-03 16:16:48', 1);
INSERT INTO `t_customer_contact` VALUES (8, 35, '2017-07-03 16:17:03', '沙县国际大酒店', '鸭腿饭', '2017-07-03 16:17:39', '2017-07-03 16:18:37', 1);
INSERT INTO `t_customer_contact` VALUES (9, 35, '2017-07-03 16:18:06', '黄焖鸡米饭11', '黄焖鸡11', '2017-07-03 16:18:24', '2017-07-03 16:18:54', 0);
INSERT INTO `t_customer_contact` VALUES (10, 35, '2017-07-06 16:27:08', '食堂小吃11', '油炸鱼', '2017-07-03 16:27:32', '2017-07-03 16:27:50', 1);
INSERT INTO `t_customer_contact` VALUES (11, 39, '2017-08-18 19:30:58', '荣乐东路2369弄', '一起写代码', '2017-08-19 10:47:28', '2017-08-19 10:47:28', 1);
INSERT INTO `t_customer_contact` VALUES (12, 39, '2017-08-19 10:47:31', '沪松公路111弄', '一起撸串', '2017-08-19 10:48:14', '2017-08-19 10:48:14', 1);
INSERT INTO `t_customer_contact` VALUES (13, 39, '2017-08-08 10:48:19', '荣乐东路2369弄天桥', '一起抽烟', '2017-08-19 10:48:51', '2017-08-19 10:48:51', 1);

-- ----------------------------
-- Table structure for t_customer_linkman
-- ----------------------------
DROP TABLE IF EXISTS `t_customer_linkman`;
CREATE TABLE `t_customer_linkman`  (
  `id` int NOT NULL AUTO_INCREMENT,
  `cus_id` int NULL DEFAULT NULL,
  `link_name` varchar(20) CHARACTER SET utf8 COLLATE utf8_general_ci NULL DEFAULT NULL,
  `sex` varchar(20) CHARACTER SET utf8 COLLATE utf8_general_ci NULL DEFAULT NULL,
  `zhiwei` varchar(50) CHARACTER SET utf8 COLLATE utf8_general_ci NULL DEFAULT NULL,
  `office_phone` varchar(50) CHARACTER SET utf8 COLLATE utf8_general_ci NULL DEFAULT NULL,
  `phone` varchar(20) CHARACTER SET utf8 COLLATE utf8_general_ci NULL DEFAULT NULL,
  `is_valid` int NULL DEFAULT 1,
  `create_date` datetime NULL DEFAULT NULL,
  `update_date` datetime NULL DEFAULT NULL,
  PRIMARY KEY (`id`) USING BTREE
) ENGINE = InnoDB AUTO_INCREMENT = 39 CHARACTER SET = utf8 COLLATE = utf8_general_ci ROW_FORMAT = DYNAMIC;

-- ----------------------------
-- Records of t_customer_linkman
-- ----------------------------
INSERT INTO `t_customer_linkman` VALUES (1, 1, '1', '男', '321', '321', '21321', 1, NULL, NULL);
INSERT INTO `t_customer_linkman` VALUES (2, 1, '2', '女', '21', '321', '321', 1, NULL, NULL);
INSERT INTO `t_customer_linkman` VALUES (4, 1, '3', '女', '4', '5', '6', 1, NULL, NULL);
INSERT INTO `t_customer_linkman` VALUES (5, 1, '33', '男', '44', '55', '66', 1, NULL, NULL);
INSERT INTO `t_customer_linkman` VALUES (6, 1, '张三', '男', '经理', '21321', '32132121', 1, NULL, NULL);
INSERT INTO `t_customer_linkman` VALUES (7, 1, '是', '女', '发送', '2321', '321321', 1, NULL, NULL);
INSERT INTO `t_customer_linkman` VALUES (10, 1, 'da', '女', 's', 'fd', 'fda', 1, NULL, NULL);
INSERT INTO `t_customer_linkman` VALUES (11, 1, '老王', '男', '隔壁专业户', '122', '1233', 1, '2016-08-25 09:44:30', '2016-08-25 09:44:30');
INSERT INTO `t_customer_linkman` VALUES (12, 1, '哈哈', '男', '胜多负少', '1323', '23423', 0, '2016-08-25 09:46:08', '2016-08-25 09:46:08');
INSERT INTO `t_customer_linkman` VALUES (13, 1, '都是', '女', '水电费水电费', '2342', '234234', 0, '2016-08-25 09:46:24', '2016-08-25 09:46:58');
INSERT INTO `t_customer_linkman` VALUES (14, 1, '23422sdsdf', '男', '232dsf', '24dsfs', '242sd', 0, '2016-08-25 09:46:34', '2016-08-25 09:46:34');
INSERT INTO `t_customer_linkman` VALUES (15, 1, 'er', '女', '234', '234', '24', 1, '2016-08-25 09:56:27', '2016-08-25 09:56:27');
INSERT INTO `t_customer_linkman` VALUES (16, 16, '哈哈', '男', 'Java', '23', '43', 1, '2016-08-25 10:01:47', '2016-08-25 10:01:47');
INSERT INTO `t_customer_linkman` VALUES (17, 16, 'ss', '女', 'ss', '122', '3333', 1, '2016-08-31 19:31:13', '2016-08-31 19:31:13');
INSERT INTO `t_customer_linkman` VALUES (18, 16, NULL, NULL, NULL, NULL, NULL, 0, '2016-11-25 09:10:43', '2016-11-25 09:10:43');
INSERT INTO `t_customer_linkman` VALUES (19, 16, 'test001', '男', '阿斯顿21321321', '', '', 1, '2016-11-25 00:00:00', '2016-12-06 10:49:29');
INSERT INTO `t_customer_linkman` VALUES (20, 17, '123', '男', '121·', '21·2', '1·2', 1, '2016-12-06 10:43:57', '2016-12-06 10:43:57');
INSERT INTO `t_customer_linkman` VALUES (21, 35, '廖老师', '女', 'CEO', '021-89898989', '13888888888', 1, '2017-07-04 09:14:56', '2017-07-04 09:14:56');
INSERT INTO `t_customer_linkman` VALUES (22, 35, '周老师', '男', '大数据老师', '021-89898989', '13999999999', 1, '2017-07-04 09:18:08', '2017-07-04 09:21:51');
INSERT INTO `t_customer_linkman` VALUES (23, 36, 'AA', '男', 'AA', '020-90909090', '1344444444444', 1, '2017-07-04 09:22:44', '2017-07-04 09:22:44');
INSERT INTO `t_customer_linkman` VALUES (24, 39, '王伟', '男', '老板', '021-00000000', '135656565656', 1, '2017-08-19 09:55:19', '2017-08-19 09:56:04');
INSERT INTO `t_customer_linkman` VALUES (25, 39, '王伟-小', '女', 'CTO', '021-11011001', '134787878787', 0, '2017-08-19 09:55:56', '2017-08-19 09:56:19');
INSERT INTO `t_customer_linkman` VALUES (26, 1, '2', '男', '1', '1', '1', 1, '2017-08-19 10:31:08', '2017-08-19 10:31:08');
INSERT INTO `t_customer_linkman` VALUES (27, 1, '11', '女', '11', '11', '11', 1, '2017-08-19 10:31:31', '2017-08-19 10:31:31');
INSERT INTO `t_customer_linkman` VALUES (28, 1, '22', '女', '11', '11', '11', 1, '2017-08-19 10:31:43', '2017-08-19 10:31:43');
INSERT INTO `t_customer_linkman` VALUES (36, 35, '马化腾', '', '', '', '13000000000', 1, '2021-05-20 14:36:15', '2021-05-20 14:36:15');
INSERT INTO `t_customer_linkman` VALUES (37, 35, '123', '', '', '', '13000000000', 1, '2021-05-20 14:48:21', '2021-05-20 14:48:21');
INSERT INTO `t_customer_linkman` VALUES (38, 34, '123', '', '', '', '13000000000', 1, '2021-05-20 14:48:30', '2021-05-20 14:48:30');

-- ----------------------------
-- Table structure for t_customer_loss
-- ----------------------------
DROP TABLE IF EXISTS `t_customer_loss`;
CREATE TABLE `t_customer_loss`  (
  `id` int NOT NULL AUTO_INCREMENT,
  `cus_no` varchar(40) CHARACTER SET utf8 COLLATE utf8_general_ci NULL DEFAULT NULL,
  `cus_name` varchar(20) CHARACTER SET utf8 COLLATE utf8_general_ci NULL DEFAULT NULL,
  `cus_manager` varchar(20) CHARACTER SET utf8 COLLATE utf8_general_ci NULL DEFAULT NULL,
  `last_order_time` datetime NULL DEFAULT NULL,
  `confirm_loss_time` datetime NULL DEFAULT NULL,
  `state` int NULL DEFAULT NULL,
  `loss_reason` varchar(1000) CHARACTER SET utf8 COLLATE utf8_general_ci NULL DEFAULT NULL,
  `is_valid` int NULL DEFAULT 1,
  `create_date` datetime NULL DEFAULT NULL,
  `update_date` datetime NULL DEFAULT NULL,
  PRIMARY KEY (`id`) USING BTREE
) ENGINE = InnoDB AUTO_INCREMENT = 64 CHARACTER SET = utf8 COLLATE = utf8_general_ci ROW_FORMAT = DYNAMIC;

-- ----------------------------
-- Records of t_customer_loss
-- ----------------------------
INSERT INTO `t_customer_loss` VALUES (20, 'KH21321321', '北京大牛科技', '小张', NULL, '2017-03-03 00:00:00', 1, '不想合作', 1, '2016-11-28 14:22:07', '2017-07-04 17:49:18');
INSERT INTO `t_customer_loss` VALUES (24, 'KH20150526073027', '百度', '小度', '2016-01-29 00:00:00', '2021-05-05 17:52:27', 1, '是是是', 1, '2016-12-29 11:42:29', '2017-07-04 17:50:22');
INSERT INTO `t_customer_loss` VALUES (25, 'KH201609011709179', '天猫11', '小红', NULL, '2017-07-04 17:52:27', 1, 'ddddd', 1, '2016-12-29 11:42:29', '2017-07-04 17:52:27');
INSERT INTO `t_customer_loss` VALUES (26, 'KH20150526073023', '巨人科技', '小丽', NULL, '2017-08-19 16:24:05', 1, '不想合作了', 1, '2017-07-04 14:44:16', '2017-08-19 16:24:05');
INSERT INTO `t_customer_loss` VALUES (27, 'KH20150526073024', '新人科技', NULL, NULL, NULL, 0, NULL, 1, '2017-07-04 14:44:16', '2017-07-04 14:44:16');
INSERT INTO `t_customer_loss` VALUES (28, 'KH20150526073026', '新浪', NULL, NULL, NULL, 0, NULL, 1, '2017-07-04 14:44:16', '2017-07-04 14:44:16');
INSERT INTO `t_customer_loss` VALUES (29, 'KH201608241829510', '上海聪享科技1', '小明', NULL, NULL, 0, NULL, 1, '2017-07-04 14:44:16', '2017-07-04 14:44:16');
INSERT INTO `t_customer_loss` VALUES (30, 'KH201611241605785', 'test001', '小明', NULL, NULL, 0, NULL, 1, '2017-07-04 14:44:16', '2017-07-04 14:44:16');
INSERT INTO `t_customer_loss` VALUES (31, 'KH201611241608301', 'test002002002', '小明', NULL, '2021-05-21 19:39:07', 1, '流失了', 1, '2017-07-04 14:44:16', '2017-07-04 14:44:16');
INSERT INTO `t_customer_loss` VALUES (32, NULL, '尚学堂科技', 'zs', NULL, NULL, 0, NULL, 1, '2017-07-04 14:44:16', '2017-07-04 14:44:16');
INSERT INTO `t_customer_loss` VALUES (33, 'KH21321321', '北京大牛科技', '小张', NULL, NULL, 0, NULL, 1, '2017-07-04 14:44:16', '2017-07-04 14:44:16');
INSERT INTO `t_customer_loss` VALUES (34, 'KH20150526073022', '风驰科技', '小红', NULL, NULL, 0, NULL, 1, '2017-07-04 14:44:16', '2017-07-04 14:44:16');
INSERT INTO `t_customer_loss` VALUES (35, 'KH20150526073023', '巨人科技', '小丽', NULL, NULL, 0, NULL, 1, '2017-08-09 16:45:30', '2017-08-09 16:45:30');
INSERT INTO `t_customer_loss` VALUES (36, 'KH20150526073024', '新人科技', NULL, NULL, NULL, 0, NULL, 1, '2017-08-09 16:45:30', '2017-08-09 16:45:30');
INSERT INTO `t_customer_loss` VALUES (37, 'KH20150526073026', '新浪', NULL, NULL, NULL, 0, NULL, 1, '2017-08-09 16:45:30', '2017-08-09 16:45:30');
INSERT INTO `t_customer_loss` VALUES (38, 'KH201608241829510', '上海聪享科技1', '小明', NULL, NULL, 0, NULL, 1, '2017-08-09 16:45:30', '2017-08-09 16:45:30');
INSERT INTO `t_customer_loss` VALUES (39, 'KH201611241605785', 'test001', '小明', NULL, NULL, 0, NULL, 1, '2017-08-09 16:45:30', '2017-08-09 16:45:30');
INSERT INTO `t_customer_loss` VALUES (40, 'KH201611241608301', 'test002002002', '小明', NULL, NULL, 0, NULL, 1, '2017-08-09 16:45:30', '2017-08-09 16:45:30');
INSERT INTO `t_customer_loss` VALUES (41, NULL, '尚学堂科技', 'zs', NULL, NULL, 0, '', 1, '2017-08-09 16:45:30', '2017-08-09 16:45:30');
INSERT INTO `t_customer_loss` VALUES (42, 'KH20150526073022', '风驰科技', '小红', '2016-11-06 20:48:05', NULL, 0, '', 1, '2017-08-09 16:45:30', '2017-08-09 16:45:30');
INSERT INTO `t_customer_loss` VALUES (43, 'KH20150526073023', '巨人科技', '小丽', NULL, NULL, 0, '', 1, '2017-08-13 16:39:07', '2017-08-13 16:39:07');
INSERT INTO `t_customer_loss` VALUES (44, 'KH20150526073024', '新人科技', NULL, NULL, NULL, 0, NULL, 1, '2017-08-13 16:39:07', '2017-08-13 16:39:07');
INSERT INTO `t_customer_loss` VALUES (45, 'KH20150526073026', '新浪', NULL, NULL, NULL, 0, NULL, 1, '2017-08-13 16:39:07', '2017-08-13 16:39:07');
INSERT INTO `t_customer_loss` VALUES (46, 'KH201608241829510', '上海聪享科技1', '小明', NULL, NULL, 0, NULL, 1, '2017-08-13 16:39:07', '2017-08-13 16:39:07');
INSERT INTO `t_customer_loss` VALUES (47, 'KH201611241605785', 'test001', '小明', NULL, NULL, 0, NULL, 1, '2017-08-13 16:39:07', '2017-08-13 16:39:07');
INSERT INTO `t_customer_loss` VALUES (48, 'KH201611241608301', 'test002002002', '小明', NULL, NULL, 0, NULL, 1, '2017-08-13 16:39:07', '2017-08-13 16:39:07');
INSERT INTO `t_customer_loss` VALUES (49, NULL, '尚学堂科技', 'zs', NULL, NULL, 0, NULL, 1, '2017-08-13 16:39:07', '2017-08-13 16:39:07');
INSERT INTO `t_customer_loss` VALUES (50, 'KH20150526073023', '巨人科技', '小丽', NULL, NULL, 0, NULL, 1, '2017-08-17 15:32:16', '2017-08-17 15:32:16');
INSERT INTO `t_customer_loss` VALUES (51, 'KH20150526073024', '新人科技', NULL, NULL, NULL, 0, NULL, 1, '2017-08-17 15:32:16', '2017-08-17 15:32:16');
INSERT INTO `t_customer_loss` VALUES (52, 'KH20150526073026', '新浪', NULL, NULL, NULL, 0, NULL, 1, '2017-08-17 15:32:16', '2017-08-17 15:32:16');
INSERT INTO `t_customer_loss` VALUES (53, 'KH201608241829510', '上海聪享科技1', '小明', NULL, NULL, 0, NULL, 1, '2017-08-17 15:32:16', '2017-08-17 15:32:16');
INSERT INTO `t_customer_loss` VALUES (54, 'KH201611241605785', 'test001', '小明', NULL, NULL, 0, NULL, 1, '2017-08-17 15:32:16', '2017-08-17 15:32:16');
INSERT INTO `t_customer_loss` VALUES (55, 'KH201611241608301', 'test002002002', '小明', NULL, NULL, 0, NULL, 1, '2017-08-17 15:32:16', '2017-08-17 15:32:16');
INSERT INTO `t_customer_loss` VALUES (56, NULL, '尚学堂科技', 'zs', NULL, NULL, 0, NULL, 1, '2017-08-17 15:32:16', '2017-08-17 15:32:16');
INSERT INTO `t_customer_loss` VALUES (57, 'KH201608241829510', '上海聪享科技1', '小明', NULL, NULL, 0, NULL, 1, '2017-08-19 15:05:17', '2017-08-19 15:05:17');
INSERT INTO `t_customer_loss` VALUES (58, 'KH20150526073024', '新人科技', NULL, NULL, NULL, 0, NULL, 1, '2017-08-21 11:16:36', '2017-08-21 11:16:36');
INSERT INTO `t_customer_loss` VALUES (59, 'KH20150526073026', '新浪', NULL, NULL, NULL, 0, NULL, 1, '2017-08-21 11:16:36', '2017-08-21 11:16:36');
INSERT INTO `t_customer_loss` VALUES (60, 'KH201608241829510', '上海聪享科技1', '小明', NULL, NULL, 0, NULL, 1, '2017-08-21 11:16:36', '2017-08-21 11:16:36');
INSERT INTO `t_customer_loss` VALUES (61, 'KH201611241605785', 'test001', '小明', NULL, NULL, 0, NULL, 1, '2017-08-21 11:16:36', '2017-08-21 11:16:36');
INSERT INTO `t_customer_loss` VALUES (62, 'KH201611241608301', 'test002002002', '小明', NULL, NULL, 0, NULL, 1, '2017-08-21 11:16:36', '2017-08-21 11:16:36');
INSERT INTO `t_customer_loss` VALUES (63, NULL, '尚学堂科技', 'zs', NULL, NULL, 0, NULL, 1, '2017-08-21 11:16:36', '2017-08-21 11:16:36');

-- ----------------------------
-- Table structure for t_customer_order
-- ----------------------------
DROP TABLE IF EXISTS `t_customer_order`;
CREATE TABLE `t_customer_order`  (
  `id` int NOT NULL AUTO_INCREMENT,
  `cus_id` int NULL DEFAULT NULL,
  `order_no` varchar(40) CHARACTER SET utf8 COLLATE utf8_general_ci NULL DEFAULT NULL,
  `order_date` datetime NULL DEFAULT NULL,
  `address` varchar(200) CHARACTER SET utf8 COLLATE utf8_general_ci NULL DEFAULT NULL,
  `total_price` double(10, 2) NULL DEFAULT NULL,
  `state` int NULL DEFAULT NULL,
  `create_date` datetime NULL DEFAULT NULL,
  `update_date` datetime NULL DEFAULT NULL,
  `is_valid` int NULL DEFAULT 1,
  PRIMARY KEY (`id`) USING BTREE
) ENGINE = InnoDB AUTO_INCREMENT = 11 CHARACTER SET = utf8 COLLATE = utf8_general_ci ROW_FORMAT = DYNAMIC;

-- ----------------------------
-- Records of t_customer_order
-- ----------------------------
INSERT INTO `t_customer_order` VALUES (5, 1, '123123', '2016-11-29 14:56:10', '2132', 12500.00, 1, '2021-05-21 14:56:15', '2021-05-21 14:56:17', 1);
INSERT INTO `t_customer_order` VALUES (6, 2, '123', '2016-11-29 14:56:26', '213', 955.00, 1, '2021-05-21 14:56:30', '2021-05-21 14:56:32', 1);

-- ----------------------------
-- Table structure for t_customer_reprieve
-- ----------------------------
DROP TABLE IF EXISTS `t_customer_reprieve`;
CREATE TABLE `t_customer_reprieve`  (
  `id` int NOT NULL AUTO_INCREMENT,
  `loss_id` int NULL DEFAULT NULL,
  `measure` varchar(500) CHARACTER SET utf8 COLLATE utf8_general_ci NULL DEFAULT NULL,
  `is_valid` int NULL DEFAULT 1,
  `create_date` datetime NULL DEFAULT NULL,
  `update_date` datetime NULL DEFAULT NULL,
  PRIMARY KEY (`id`) USING BTREE
) ENGINE = InnoDB AUTO_INCREMENT = 35 CHARACTER SET = utf8 COLLATE = utf8_general_ci ROW_FORMAT = DYNAMIC;

-- ----------------------------
-- Records of t_customer_reprieve
-- ----------------------------
INSERT INTO `t_customer_reprieve` VALUES (17, 20, '暂时保留213213123', 1, '2016-12-29 00:00:00', '2016-12-29 15:36:22');
INSERT INTO `t_customer_reprieve` VALUES (18, 20, 'test001', 0, '2016-12-29 15:35:23', '2016-12-29 15:35:23');
INSERT INTO `t_customer_reprieve` VALUES (19, 20, '234234234324', 0, '2016-12-29 15:36:39', '2016-12-29 15:36:39');
INSERT INTO `t_customer_reprieve` VALUES (20, 20, '32432432432', 0, '2016-12-29 15:36:47', '2016-12-29 15:36:47');
INSERT INTO `t_customer_reprieve` VALUES (21, 24, NULL, 0, '2017-03-03 17:52:01', '2017-03-03 17:52:01');
INSERT INTO `t_customer_reprieve` VALUES (24, 20, '保留', 1, '2017-03-03 18:28:25', '2017-03-03 18:28:25');
INSERT INTO `t_customer_reprieve` VALUES (25, 20, '杀出了', 1, '2017-03-03 18:32:44', '2017-03-03 18:32:44');
INSERT INTO `t_customer_reprieve` VALUES (26, 20, 'wowowo', 0, '2017-03-03 18:34:25', '2017-03-03 18:34:25');
INSERT INTO `t_customer_reprieve` VALUES (27, 20, '水电费', 1, '2017-07-04 17:46:32', '2017-07-04 17:46:32');
INSERT INTO `t_customer_reprieve` VALUES (28, 31, '对方是否1111', 1, '2017-07-04 17:54:41', '2017-07-04 17:54:41');
INSERT INTO `t_customer_reprieve` VALUES (29, 31, '12111', 1, '2017-07-04 17:54:44', '2017-07-04 17:54:44');
INSERT INTO `t_customer_reprieve` VALUES (30, 26, '充一百送100', 1, '2017-08-19 16:18:40', '2017-08-19 16:18:40');
INSERT INTO `t_customer_reprieve` VALUES (31, 26, '充300送45', 1, '2017-08-19 16:19:04', '2017-08-19 16:19:04');
INSERT INTO `t_customer_reprieve` VALUES (34, 42, '中午约见面了', 1, '2021-05-19 15:46:37', '2021-05-19 15:46:46');

-- ----------------------------
-- Table structure for t_customer_serve
-- ----------------------------
DROP TABLE IF EXISTS `t_customer_serve`;
CREATE TABLE `t_customer_serve`  (
  `id` int NOT NULL AUTO_INCREMENT,
  `serve_Type` varchar(30) CHARACTER SET utf8 COLLATE utf8_general_ci NULL DEFAULT NULL,
  `overview` varchar(500) CHARACTER SET utf8 COLLATE utf8_general_ci NULL DEFAULT NULL,
  `customer` varchar(30) CHARACTER SET utf8 COLLATE utf8_general_ci NULL DEFAULT NULL,
  `state` varchar(20) CHARACTER SET utf8 COLLATE utf8_general_ci NULL DEFAULT NULL,
  `service_request` varchar(500) CHARACTER SET utf8 COLLATE utf8_general_ci NULL DEFAULT NULL,
  `create_people` varchar(100) CHARACTER SET utf8 COLLATE utf8_general_ci NULL DEFAULT NULL,
  `assigner` varchar(100) CHARACTER SET utf8 COLLATE utf8_general_ci NULL DEFAULT NULL,
  `assign_time` datetime NULL DEFAULT NULL,
  `service_proce` varchar(500) CHARACTER SET utf8 COLLATE utf8_general_ci NULL DEFAULT NULL,
  `service_proce_people` varchar(20) CHARACTER SET utf8 COLLATE utf8_general_ci NULL DEFAULT NULL,
  `service_proce_time` datetime NULL DEFAULT NULL,
  `service_proce_result` varchar(500) CHARACTER SET utf8 COLLATE utf8_general_ci NULL DEFAULT NULL,
  `myd` varchar(50) CHARACTER SET utf8 COLLATE utf8_general_ci NULL DEFAULT NULL,
  `is_valid` int NULL DEFAULT 1,
  `update_date` datetime NULL DEFAULT NULL,
  `create_date` datetime NULL DEFAULT NULL,
  PRIMARY KEY (`id`) USING BTREE
) ENGINE = InnoDB AUTO_INCREMENT = 60 CHARACTER SET = utf8 COLLATE = utf8_general_ci ROW_FORMAT = DYNAMIC;

-- ----------------------------
-- Records of t_customer_serve
-- ----------------------------
INSERT INTO `t_customer_serve` VALUES (56, '6', '通过统计报表可以图形化数据，方便查看。', '腾讯科技', '4', 'CRM里面可以添加统计报表功能', 'zhangsan', 'admin', '2021-05-21 17:17:59', '下一个功能就开发统计报表，马上安排！', 'zhangsan', '2021-05-21 17:21:05', '客户很满意', '☆☆☆☆☆', 1, '2021-05-21 17:23:00', '2021-05-21 17:15:42');
INSERT INTO `t_customer_serve` VALUES (57, '7', 'CRM打开速度很慢，客户回复速度慢。', '腾讯科技', '1', 'CRM打开速度很慢，客户回复速度慢。', 'zhangsan', '', NULL, '', '', NULL, '', '', 1, '2021-05-21 20:24:52', '2021-05-21 20:24:52');
INSERT INTO `t_customer_serve` VALUES (58, '8', '建议周六周日提前说明一下下周要更新的功能。', '腾讯科技', '1', '建议周六周日提前说明一下下周要更新的功能。', 'zhangsan', '', NULL, '', '', NULL, '', '', 1, '2021-05-21 20:25:15', '2021-05-21 20:25:15');
INSERT INTO `t_customer_serve` VALUES (59, '6', 'CRM权限功能什么时候安排一下。', '腾讯科技', '1', 'CRM权限功能什么时候安排一下。', 'zhangsan', '', NULL, '', '', NULL, '', '', 1, '2021-05-21 20:25:39', '2021-05-21 20:25:39');

-- ----------------------------
-- Table structure for t_datadic
-- ----------------------------
DROP TABLE IF EXISTS `t_datadic`;
CREATE TABLE `t_datadic`  (
  `id` int NOT NULL AUTO_INCREMENT,
  `data_dic_name` varchar(50) CHARACTER SET utf8 COLLATE utf8_general_ci NULL DEFAULT NULL,
  `data_dic_value` varchar(50) CHARACTER SET utf8 COLLATE utf8_general_ci NULL DEFAULT NULL,
  `is_valid` tinyint NULL DEFAULT 1,
  `create_date` datetime NULL DEFAULT NULL,
  `update_date` datetime NULL DEFAULT NULL,
  PRIMARY KEY (`id`) USING BTREE,
  INDEX `FK_t_datadic`(`data_dic_value`) USING BTREE
) ENGINE = InnoDB AUTO_INCREMENT = 14 CHARACTER SET = utf8 COLLATE = utf8_general_ci ROW_FORMAT = DYNAMIC;

-- ----------------------------
-- Records of t_datadic
-- ----------------------------
INSERT INTO `t_datadic` VALUES (1, '客户等级', '普通客户', 1, NULL, '2017-07-06 10:43:46');
INSERT INTO `t_datadic` VALUES (2, '客户等级', '重点开发客户', 1, NULL, NULL);
INSERT INTO `t_datadic` VALUES (3, '客户等级', '大客户', 1, NULL, NULL);
INSERT INTO `t_datadic` VALUES (4, '客户等级', '合作伙伴', 1, NULL, NULL);
INSERT INTO `t_datadic` VALUES (5, '客户等级', '战略合作伙伴', 1, NULL, NULL);
INSERT INTO `t_datadic` VALUES (6, '服务类型', '咨询', 1, NULL, NULL);
INSERT INTO `t_datadic` VALUES (7, '服务类型', '建议', 1, NULL, NULL);
INSERT INTO `t_datadic` VALUES (8, '服务类型', '投诉', 1, NULL, '2016-08-24 15:48:46');
INSERT INTO `t_datadic` VALUES (9, '客户等级', '不小的客户1', 0, '2016-08-24 15:48:21', '2016-08-24 15:51:10');
INSERT INTO `t_datadic` VALUES (10, '服务类型', '哈哈', 0, '2016-08-24 15:49:47', '2016-08-24 15:51:10');
INSERT INTO `t_datadic` VALUES (11, NULL, NULL, 0, '2016-11-29 16:19:04', '2016-11-29 16:19:04');
INSERT INTO `t_datadic` VALUES (12, 'adsadasasd', 'sadsad', 0, '2016-11-29 16:20:49', '2016-11-29 16:21:01');
INSERT INTO `t_datadic` VALUES (13, '吃饭', '1', 1, '2017-07-06 10:42:54', '2017-07-06 10:42:54');

-- ----------------------------
-- Table structure for t_log
-- ----------------------------
DROP TABLE IF EXISTS `t_log`;
CREATE TABLE `t_log`  (
  `id` int NOT NULL AUTO_INCREMENT,
  `description` varchar(255) CHARACTER SET utf8 COLLATE utf8_general_ci NULL DEFAULT NULL,
  `method` varchar(255) CHARACTER SET utf8 COLLATE utf8_general_ci NULL DEFAULT NULL,
  `type` varchar(255) CHARACTER SET utf8 COLLATE utf8_general_ci NULL DEFAULT NULL,
  `request_ip` varchar(255) CHARACTER SET utf8 COLLATE utf8_general_ci NULL DEFAULT NULL,
  `exception_code` varchar(255) CHARACTER SET utf8 COLLATE utf8_general_ci NULL DEFAULT NULL,
  `exception_detail` varchar(255) CHARACTER SET utf8 COLLATE utf8_general_ci NULL DEFAULT NULL,
  `params` text CHARACTER SET utf8 COLLATE utf8_general_ci NULL,
  `create_date` datetime NULL DEFAULT NULL ON UPDATE CURRENT_TIMESTAMP,
  `execute_time` int NULL DEFAULT NULL,
  `create_man` varchar(255) CHARACTER SET utf8 COLLATE utf8_general_ci NULL DEFAULT NULL,
  `result` longtext CHARACTER SET utf8 COLLATE utf8_general_ci NULL,
  PRIMARY KEY (`id`) USING BTREE
) ENGINE = InnoDB AUTO_INCREMENT = 184 CHARACTER SET = utf8 COLLATE = utf8_general_ci ROW_FORMAT = DYNAMIC;

-- ----------------------------
-- Records of t_log
-- ----------------------------
INSERT INTO `t_log` VALUES (10, '用户登录', 'cn.jyx.controller.UserAction.loginUser()', '0', NULL, NULL, NULL, NULL, '2017-07-03 09:03:23', NULL, NULL, NULL);
INSERT INTO `t_log` VALUES (11, '用户登录', 'cn.jyx.service.UserService.loginUser()', '1', NULL, 'cn.jyx.exception.ParamException', '记录不存在', NULL, '2017-07-03 09:03:23', NULL, NULL, NULL);
INSERT INTO `t_log` VALUES (12, '登录页面', 'index', '0', '0:0:0:0:0:0:0:1', NULL, NULL, '{}', '2017-07-03 09:39:22', NULL, NULL, NULL);
INSERT INTO `t_log` VALUES (13, '首页', 'main', '0', '0:0:0:0:0:0:0:1', NULL, NULL, '{}', '2017-07-03 09:39:45', NULL, NULL, NULL);
INSERT INTO `t_log` VALUES (14, '营销机会管理', 'index', '0', '0:0:0:0:0:0:0:1', NULL, NULL, '{\"saleChanceId\":[\"57\"],\"show\":[\"1\"]}', '2017-07-03 09:40:37', NULL, NULL, NULL);
INSERT INTO `t_log` VALUES (15, '营销机会管理-查询', 'list', '0', '0:0:0:0:0:0:0:1', NULL, NULL, '{\"saleChanceId\":[\"57\"]}', '2017-07-03 09:40:54', NULL, NULL, NULL);
INSERT INTO `t_log` VALUES (16, '首页', 'main', '0', '0:0:0:0:0:0:0:1', NULL, NULL, '{}', '2017-07-03 09:47:45', 13, 'shsxt', '\"main\"');
INSERT INTO `t_log` VALUES (17, '客户开发计划项', 'index', '0', '0:0:0:0:0:0:0:1', NULL, NULL, '{\"saleChanceId\":[\"57\"],\"show\":[\"1\"]}', '2017-07-03 09:48:24', 5, 'shsxt', '\"cus_dev_plan\"');
INSERT INTO `t_log` VALUES (18, '客户开发计划项-查询', 'list', '0', '0:0:0:0:0:0:0:1', NULL, NULL, '{\"saleChanceId\":[\"57\"]}', '2017-07-03 09:48:24', 12, 'shsxt', '{\"rows\":[{\"exeAffect\":\"还行\",\"id\":78,\"planDate\":1498665600000,\"planItem\":\"打电话\",\"saleChanceId\":57}]}');
INSERT INTO `t_log` VALUES (19, '首页', 'main', '0', '0:0:0:0:0:0:0:1', NULL, NULL, '{}', '2017-07-03 10:22:09', 13, 'shsxt', '\"main\"');
INSERT INTO `t_log` VALUES (20, '首页', 'main', '0', '0:0:0:0:0:0:0:1', NULL, NULL, '{}', '2017-07-03 10:47:19', 4, 'shsxt', '\"main\"');
INSERT INTO `t_log` VALUES (21, '首页', 'main', '0', '0:0:0:0:0:0:0:1', NULL, NULL, '{}', '2017-07-03 11:44:47', 13, 'shsxt', '\"main\"');
INSERT INTO `t_log` VALUES (22, '首页', 'main', '0', '0:0:0:0:0:0:0:1', NULL, NULL, '{}', '2017-07-03 11:53:57', 6, 'shsxt', '\"main\"');
INSERT INTO `t_log` VALUES (23, '首页', 'main', '0', '0:0:0:0:0:0:0:1', NULL, NULL, '{}', '2017-07-03 14:16:40', 14, 'shsxt', '\"main\"');
INSERT INTO `t_log` VALUES (24, '首页', 'main', '0', '0:0:0:0:0:0:0:1', NULL, NULL, '{}', '2017-07-03 14:17:18', 11, 'shsxt', '\"main\"');
INSERT INTO `t_log` VALUES (25, '首页', 'main', '0', '0:0:0:0:0:0:0:1', NULL, NULL, '{}', '2017-07-03 14:18:15', 26, 'shsxt', '\"main\"');
INSERT INTO `t_log` VALUES (26, '首页', 'main', '0', '0:0:0:0:0:0:0:1', NULL, NULL, '{}', '2017-07-03 14:22:44', 13, 'shsxt', '\"main\"');
INSERT INTO `t_log` VALUES (27, '首页', 'main', '0', '0:0:0:0:0:0:0:1', NULL, NULL, '{}', '2017-07-03 14:23:06', 4, 'shsxt', '\"main\"');
INSERT INTO `t_log` VALUES (28, '首页', 'main', '0', '0:0:0:0:0:0:0:1', NULL, NULL, '{}', '2017-07-03 14:57:15', 25, 'shsxt', '\"main\"');
INSERT INTO `t_log` VALUES (29, '首页', 'main', '0', '0:0:0:0:0:0:0:1', NULL, NULL, '{}', '2017-07-03 15:23:00', 11, 'shsxt', '\"main\"');
INSERT INTO `t_log` VALUES (30, '首页', 'main', '0', '0:0:0:0:0:0:0:1', NULL, NULL, '{}', '2017-07-03 15:28:20', 2, 'shsxt', '\"main\"');
INSERT INTO `t_log` VALUES (31, '首页', 'main', '0', '0:0:0:0:0:0:0:1', NULL, NULL, '{}', '2017-07-03 16:22:20', 13, 'shsxt', '\"main\"');
INSERT INTO `t_log` VALUES (32, '首页', 'main', '0', '0:0:0:0:0:0:0:1', NULL, NULL, '{}', '2017-07-03 16:24:02', 2, 'shsxt', '\"main\"');
INSERT INTO `t_log` VALUES (33, '首页', 'main', '0', '0:0:0:0:0:0:0:1', NULL, NULL, '{}', '2017-07-03 16:26:18', 2, 'shsxt', '\"main\"');
INSERT INTO `t_log` VALUES (34, '首页', 'main', '0', '0:0:0:0:0:0:0:1', NULL, NULL, '{}', '2017-07-03 16:26:20', 3, 'shsxt', '\"main\"');
INSERT INTO `t_log` VALUES (35, '首页', 'main', '0', '0:0:0:0:0:0:0:1', NULL, NULL, '{}', '2017-07-03 16:26:20', 3, 'shsxt', '\"main\"');
INSERT INTO `t_log` VALUES (36, '首页', 'main', '0', '0:0:0:0:0:0:0:1', NULL, NULL, '{}', '2017-07-03 16:26:20', 3, 'shsxt', '\"main\"');
INSERT INTO `t_log` VALUES (37, '首页', 'main', '0', '0:0:0:0:0:0:0:1', NULL, NULL, '{}', '2017-07-03 16:26:50', 1, 'shsxt', '\"main\"');
INSERT INTO `t_log` VALUES (38, '首页', 'main', '0', '0:0:0:0:0:0:0:1', NULL, NULL, '{}', '2017-07-03 16:26:51', 2, 'shsxt', '\"main\"');
INSERT INTO `t_log` VALUES (39, '首页', 'main', '0', '0:0:0:0:0:0:0:1', NULL, NULL, '{}', '2017-07-03 16:26:51', 4, 'shsxt', '\"main\"');
INSERT INTO `t_log` VALUES (40, '首页', 'main', '0', '0:0:0:0:0:0:0:1', NULL, NULL, '{}', '2017-07-03 16:26:51', 3, 'shsxt', '\"main\"');
INSERT INTO `t_log` VALUES (41, '首页', 'main', '0', '0:0:0:0:0:0:0:1', NULL, NULL, '{}', '2017-07-03 16:26:51', 3, 'shsxt', '\"main\"');
INSERT INTO `t_log` VALUES (42, '首页', 'main', '0', '0:0:0:0:0:0:0:1', NULL, NULL, '{}', '2017-07-03 16:26:51', 3, 'shsxt', '\"main\"');
INSERT INTO `t_log` VALUES (43, '首页', 'main', '0', '0:0:0:0:0:0:0:1', NULL, NULL, '{}', '2017-07-04 09:07:51', 20, 'shsxt', '\"main\"');
INSERT INTO `t_log` VALUES (44, '首页', 'main', '0', '0:0:0:0:0:0:0:1', NULL, NULL, '{}', '2017-07-04 09:09:05', 2, 'shsxt', '\"main\"');
INSERT INTO `t_log` VALUES (45, '首页', 'main', '0', '0:0:0:0:0:0:0:1', NULL, NULL, '{}', '2017-07-04 09:11:02', 11, 'shsxt', '\"main\"');
INSERT INTO `t_log` VALUES (46, '首页', 'main', '0', '0:0:0:0:0:0:0:1', NULL, NULL, '{}', '2017-07-04 09:22:20', 13, 'shsxt', '\"main\"');
INSERT INTO `t_log` VALUES (47, '首页', 'main', '0', '0:0:0:0:0:0:0:1', NULL, NULL, '{}', '2017-07-04 14:00:17', 10, 'shsxt', '\"main\"');
INSERT INTO `t_log` VALUES (48, '首页', 'main', '0', '0:0:0:0:0:0:0:1', NULL, NULL, '{}', '2017-07-04 14:02:39', 2, 'shsxt', '\"main\"');
INSERT INTO `t_log` VALUES (49, '首页', 'main', '0', '0:0:0:0:0:0:0:1', NULL, NULL, '{}', '2017-07-04 14:02:39', 3, 'shsxt', '\"main\"');
INSERT INTO `t_log` VALUES (50, '首页', 'main', '0', '0:0:0:0:0:0:0:1', NULL, NULL, '{}', '2017-07-04 15:19:53', 12, 'shsxt', '\"main\"');
INSERT INTO `t_log` VALUES (51, '首页', 'main', '0', '0:0:0:0:0:0:0:1', NULL, NULL, '{}', '2017-07-04 17:13:44', 12, 'shsxt', '\"main\"');
INSERT INTO `t_log` VALUES (52, '首页', 'main', '0', '0:0:0:0:0:0:0:1', NULL, NULL, '{}', '2017-07-04 17:36:29', 11, 'shsxt', '\"main\"');
INSERT INTO `t_log` VALUES (53, '首页', 'main', '0', '0:0:0:0:0:0:0:1', NULL, NULL, '{}', '2017-07-04 17:52:20', 19, 'shsxt', '\"main\"');
INSERT INTO `t_log` VALUES (54, '首页', 'main', '0', '0:0:0:0:0:0:0:1', NULL, NULL, '{}', '2017-07-06 08:41:42', 19, 'shsxt', '\"main\"');
INSERT INTO `t_log` VALUES (55, '首页', 'main', '0', '0:0:0:0:0:0:0:1', NULL, NULL, '{}', '2017-07-06 08:43:59', 3, 'shsxt', '\"main\"');
INSERT INTO `t_log` VALUES (56, '首页', 'main', '0', '0:0:0:0:0:0:0:1', NULL, NULL, '{}', '2017-07-06 08:44:00', 3, 'shsxt', '\"main\"');
INSERT INTO `t_log` VALUES (57, '首页', 'main', '0', '0:0:0:0:0:0:0:1', NULL, NULL, '{}', '2017-07-06 08:44:40', 3, 'shsxt', '\"main\"');
INSERT INTO `t_log` VALUES (58, '首页', 'main', '0', '0:0:0:0:0:0:0:1', NULL, NULL, '{}', '2017-07-06 08:48:02', 2, 'shsxt', '\"main\"');
INSERT INTO `t_log` VALUES (59, '首页', 'main', '0', '0:0:0:0:0:0:0:1', NULL, NULL, '{}', '2017-07-06 08:48:03', 3, 'shsxt', '\"main\"');
INSERT INTO `t_log` VALUES (60, '首页', 'main', '0', '0:0:0:0:0:0:0:1', NULL, NULL, '{}', '2017-07-06 10:06:04', 10, 'shsxt', '\"main\"');
INSERT INTO `t_log` VALUES (61, '首页', 'main', '0', '0:0:0:0:0:0:0:1', NULL, NULL, '{}', '2017-07-06 10:39:44', 5, 'shsxt', '\"main\"');
INSERT INTO `t_log` VALUES (62, '首页', 'main', '0', '0:0:0:0:0:0:0:1', NULL, NULL, '{}', '2017-07-06 10:41:45', 12, 'shsxt', '\"main\"');
INSERT INTO `t_log` VALUES (63, '首页', 'main', '0', '0:0:0:0:0:0:0:1', NULL, NULL, '{}', '2017-07-06 10:47:51', 13, 'shsxt', '\"main\"');
INSERT INTO `t_log` VALUES (64, '首页', 'main', '0', '0:0:0:0:0:0:0:1', NULL, NULL, '{}', '2017-07-06 10:53:26', 12, 'shsxt', '\"main\"');
INSERT INTO `t_log` VALUES (65, '首页', 'main', '0', '0:0:0:0:0:0:0:1', NULL, NULL, '{}', '2017-07-06 14:01:19', 16, 'shsxt', '\"main\"');
INSERT INTO `t_log` VALUES (66, '登录页面', 'index', '0', '0:0:0:0:0:0:0:1', NULL, NULL, '{}', '2017-07-06 14:44:03', 0, NULL, '\"index\"');
INSERT INTO `t_log` VALUES (67, '首页', 'main', '0', '0:0:0:0:0:0:0:1', NULL, NULL, '{}', '2017-07-06 14:44:14', 4, 'shsxt', '\"main\"');
INSERT INTO `t_log` VALUES (68, '首页', 'main', '0', '0:0:0:0:0:0:0:1', NULL, NULL, '{}', '2017-07-06 16:30:28', 11, 'shsxt', '\"main\"');
INSERT INTO `t_log` VALUES (69, '登录页面', 'index', '0', '0:0:0:0:0:0:0:1', NULL, NULL, '{}', '2017-07-06 16:41:19', 2, NULL, '\"index\"');
INSERT INTO `t_log` VALUES (70, '登录页面', 'index', '0', '0:0:0:0:0:0:0:1', NULL, NULL, '{}', '2017-07-06 16:45:06', 2, NULL, '\"index\"');
INSERT INTO `t_log` VALUES (71, '首页', 'main', '0', '0:0:0:0:0:0:0:1', NULL, NULL, '{}', '2017-07-06 16:45:11', 4, 'shsxt', '\"main\"');
INSERT INTO `t_log` VALUES (72, '登录页面', 'index', '0', '0:0:0:0:0:0:0:1', NULL, NULL, '{}', '2017-07-06 16:48:03', 0, NULL, '\"index\"');
INSERT INTO `t_log` VALUES (73, '登录页面', 'index', '0', '0:0:0:0:0:0:0:1', NULL, NULL, '{}', '2017-07-06 16:48:06', 0, NULL, '\"index\"');
INSERT INTO `t_log` VALUES (74, '登录页面', 'index', '0', '0:0:0:0:0:0:0:1', NULL, NULL, '{}', '2017-07-06 16:48:17', 0, NULL, '\"index\"');
INSERT INTO `t_log` VALUES (75, '登录页面', 'index', '0', '0:0:0:0:0:0:0:1', NULL, NULL, '{}', '2017-07-06 16:48:23', 0, NULL, '\"index\"');
INSERT INTO `t_log` VALUES (76, '登录页面', 'index', '0', '0:0:0:0:0:0:0:1', NULL, NULL, '{}', '2017-07-06 16:48:51', 0, NULL, '\"index\"');
INSERT INTO `t_log` VALUES (77, '登录页面', 'index', '0', '0:0:0:0:0:0:0:1', NULL, NULL, '{}', '2017-07-06 16:49:06', 0, NULL, '\"index\"');
INSERT INTO `t_log` VALUES (78, '登录页面', 'index', '0', '0:0:0:0:0:0:0:1', NULL, NULL, '{}', '2017-07-06 16:49:12', 0, NULL, '\"index\"');
INSERT INTO `t_log` VALUES (79, '登录页面', 'index', '0', '0:0:0:0:0:0:0:1', NULL, NULL, '{}', '2017-07-06 16:49:23', 0, NULL, '\"index\"');
INSERT INTO `t_log` VALUES (80, '登录页面', 'index', '0', '0:0:0:0:0:0:0:1', NULL, NULL, '{}', '2017-07-06 16:49:25', 0, NULL, '\"index\"');
INSERT INTO `t_log` VALUES (81, '登录页面', 'index', '0', '0:0:0:0:0:0:0:1', NULL, NULL, '{}', '2017-07-06 16:49:48', 0, NULL, '\"index\"');
INSERT INTO `t_log` VALUES (82, '登录页面', 'index', '0', '0:0:0:0:0:0:0:1', NULL, NULL, '{}', '2017-07-06 16:49:52', 0, NULL, '\"index\"');
INSERT INTO `t_log` VALUES (83, '登录页面', 'index', '0', '0:0:0:0:0:0:0:1', NULL, NULL, '{}', '2017-07-06 16:49:58', 0, NULL, '\"index\"');
INSERT INTO `t_log` VALUES (84, '首页', 'main', '0', '0:0:0:0:0:0:0:1', NULL, NULL, '{}', '2017-07-06 16:50:14', 4, 'shsxt', '\"main\"');
INSERT INTO `t_log` VALUES (85, '登录页面', 'index', '0', '0:0:0:0:0:0:0:1', NULL, NULL, '{}', '2017-07-06 16:50:33', 0, NULL, '\"index\"');
INSERT INTO `t_log` VALUES (86, '登录页面', 'index', '0', '0:0:0:0:0:0:0:1', NULL, NULL, '{}', '2017-07-06 16:50:42', 0, NULL, '\"index\"');
INSERT INTO `t_log` VALUES (87, '登录页面', 'index', '0', '0:0:0:0:0:0:0:1', NULL, NULL, '{}', '2017-07-06 16:51:16', 0, NULL, '\"index\"');
INSERT INTO `t_log` VALUES (88, '首页', 'main', '0', '0:0:0:0:0:0:0:1', NULL, NULL, '{}', '2017-07-06 16:51:19', 3, 'shsxt', '\"main\"');
INSERT INTO `t_log` VALUES (89, '登录页面', 'index', '0', '0:0:0:0:0:0:0:1', NULL, NULL, '{}', '2017-07-06 16:58:43', 1, NULL, '\"index\"');
INSERT INTO `t_log` VALUES (90, '首页', 'main', '0', '0:0:0:0:0:0:0:1', NULL, NULL, '{}', '2017-07-06 16:58:49', 3, 'shsxt', '\"main\"');
INSERT INTO `t_log` VALUES (91, '首页', 'main', '0', '0:0:0:0:0:0:0:1', NULL, NULL, '{}', '2017-07-06 17:03:27', 4, 'shsxt', '\"main\"');
INSERT INTO `t_log` VALUES (92, '首页', 'main', '0', '0:0:0:0:0:0:0:1', NULL, NULL, '{}', '2017-07-06 17:03:52', 3, 'shsxt', '\"main\"');
INSERT INTO `t_log` VALUES (93, '首页', 'main', '0', '0:0:0:0:0:0:0:1', NULL, NULL, '{}', '2017-07-06 17:04:55', 2, 'shsxt', '\"main\"');
INSERT INTO `t_log` VALUES (94, '登录页面', 'index', '0', '0:0:0:0:0:0:0:1', NULL, NULL, '{}', '2017-07-06 17:05:38', 0, NULL, '\"index\"');
INSERT INTO `t_log` VALUES (95, '首页', 'main', '0', '0:0:0:0:0:0:0:1', NULL, NULL, '{}', '2017-07-06 17:05:44', 3, 'shsxt', '\"main\"');
INSERT INTO `t_log` VALUES (96, '登录页面', 'index', '0', '0:0:0:0:0:0:0:1', NULL, NULL, '{}', '2017-07-06 17:05:50', 0, NULL, '\"index\"');
INSERT INTO `t_log` VALUES (97, '首页', 'main', '0', '0:0:0:0:0:0:0:1', NULL, NULL, '{}', '2017-07-06 17:06:19', 3, 'shsxt', '\"main\"');
INSERT INTO `t_log` VALUES (98, '首页', 'main', '0', '0:0:0:0:0:0:0:1', NULL, NULL, '{}', '2017-07-06 17:09:26', 3, 'shsxt', '\"main\"');
INSERT INTO `t_log` VALUES (99, '登录页面', 'index', '0', '0:0:0:0:0:0:0:1', NULL, NULL, '{}', '2017-08-09 09:29:42', 1, NULL, '\"index\"');
INSERT INTO `t_log` VALUES (100, '首页', 'main', '0', '0:0:0:0:0:0:0:1', NULL, NULL, '{}', '2017-08-09 09:30:12', 3, 'shsxt', '\"main\"');
INSERT INTO `t_log` VALUES (101, '登录页面', 'index', '0', '0:0:0:0:0:0:0:1', NULL, NULL, '{}', '2017-08-10 09:40:15', 0, NULL, '\"index\"');
INSERT INTO `t_log` VALUES (102, '首页', 'main', '0', '0:0:0:0:0:0:0:1', NULL, NULL, '{}', '2017-08-10 15:12:29', 3, 'shsxt', '\"main\"');
INSERT INTO `t_log` VALUES (103, '客户开发计划项', 'index', '0', '0:0:0:0:0:0:0:1', NULL, NULL, '{\"saleChanceId\":[\"60\"],\"show\":[\"0\"]}', '2017-08-10 16:05:32', 6, 'shsxt', '\"cus_dev_plan\"');
INSERT INTO `t_log` VALUES (104, '客户开发计划项-查询', 'list', '0', '0:0:0:0:0:0:0:1', NULL, NULL, '{\"saleChanceId\":[\"60\"]}', '2017-08-10 16:05:32', 12, 'shsxt', '{\"rows\":[]}');
INSERT INTO `t_log` VALUES (105, '首页', 'main', '0', '0:0:0:0:0:0:0:1', NULL, NULL, '{}', '2017-08-10 17:37:27', 2, 'shsxt', '\"main\"');
INSERT INTO `t_log` VALUES (106, '登录页面', 'index', '0', '0:0:0:0:0:0:0:1', NULL, NULL, '{}', '2017-08-13 09:55:53', 2, 'shsxt', '\"index\"');
INSERT INTO `t_log` VALUES (107, '首页', 'main', '0', '0:0:0:0:0:0:0:1', NULL, NULL, '{}', '2017-08-13 09:55:56', 3, 'shsxt', '\"main\"');
INSERT INTO `t_log` VALUES (108, '首页', 'main', '0', '0:0:0:0:0:0:0:1', NULL, NULL, '{}', '2017-08-13 09:56:09', 6, 'shsxt', '\"main\"');
INSERT INTO `t_log` VALUES (109, '首页', 'main', '0', '0:0:0:0:0:0:0:1', NULL, NULL, '{}', '2017-08-13 09:56:09', 2, 'shsxt', '\"main\"');
INSERT INTO `t_log` VALUES (110, '首页', 'main', '0', '0:0:0:0:0:0:0:1', NULL, NULL, '{}', '2017-08-13 09:56:18', 2, 'shsxt', '\"main\"');
INSERT INTO `t_log` VALUES (111, '首页', 'main', '0', '0:0:0:0:0:0:0:1', NULL, NULL, '{}', '2017-08-13 11:21:41', 2, 'shsxt', '\"main\"');
INSERT INTO `t_log` VALUES (112, '客户开发计划项', 'index', '0', '0:0:0:0:0:0:0:1', NULL, NULL, '{\"saleChanceId\":[\"60\"],\"show\":[\"0\"]}', '2017-08-13 11:23:24', 5, 'shsxt', '\"cus_dev_plan\"');
INSERT INTO `t_log` VALUES (113, '客户开发计划项-查询', 'list', '0', '0:0:0:0:0:0:0:1', NULL, NULL, '{\"saleChanceId\":[\"60\"]}', '2017-08-13 11:23:24', 9, 'shsxt', '{\"rows\":[]}');
INSERT INTO `t_log` VALUES (114, '客户开发计划项', 'index', '0', '0:0:0:0:0:0:0:1', NULL, NULL, '{\"saleChanceId\":[\"57\"],\"show\":[\"1\"]}', '2017-08-13 11:23:36', 2, 'shsxt', '\"cus_dev_plan\"');
INSERT INTO `t_log` VALUES (115, '客户开发计划项-查询', 'list', '0', '0:0:0:0:0:0:0:1', NULL, NULL, '{\"saleChanceId\":[\"57\"]}', '2017-08-13 11:23:36', 3, 'shsxt', '{\"rows\":[{\"exeAffect\":\"还行\",\"id\":78,\"planDate\":1498665600000,\"planItem\":\"打电话\",\"saleChanceId\":57}]}');
INSERT INTO `t_log` VALUES (116, '首页', 'main', '0', '0:0:0:0:0:0:0:1', NULL, NULL, '{}', '2017-08-14 08:22:21', 2, 'shsxt', '\"main\"');
INSERT INTO `t_log` VALUES (117, '客户开发计划项', 'index', '0', '0:0:0:0:0:0:0:1', NULL, NULL, '{\"saleChanceId\":[\"62\"],\"show\":[\"0\"]}', '2017-08-14 14:11:15', 3, 'shsxt', '\"cus_dev_plan\"');
INSERT INTO `t_log` VALUES (118, '客户开发计划项-查询', 'list', '0', '0:0:0:0:0:0:0:1', NULL, NULL, '{\"saleChanceId\":[\"62\"]}', '2017-08-14 14:11:16', 2, 'shsxt', '{\"rows\":[]}');
INSERT INTO `t_log` VALUES (119, '客户开发计划项-查询', 'list', '0', '0:0:0:0:0:0:0:1', NULL, NULL, '{\"saleChanceId\":[\"62\"]}', '2017-08-14 14:11:38', 3, 'shsxt', '{\"rows\":[{\"exeAffect\":\"良好\",\"id\":89,\"planDate\":1502640000000,\"planItem\":\"请客洽谈\",\"saleChanceId\":62}]}');
INSERT INTO `t_log` VALUES (120, '客户开发计划项-新增', 'add', '0', '0:0:0:0:0:0:0:1', NULL, NULL, '{\"isNewRecord\":[\"true\"],\"saleChanceId\":[\"62\"],\"planDate\":[\"2017-08-14\"],\"planItem\":[\"请客洽谈\"],\"exeAffect\":[\"良好\"]}', '2017-08-14 14:11:38', 66, 'shsxt', '{\"result\":\"添加成功\",\"resultCode\":1,\"resultMessage\":\"操作成功\"}');
INSERT INTO `t_log` VALUES (121, '客户开发计划项', 'index', '0', '0:0:0:0:0:0:0:1', NULL, NULL, '{\"saleChanceId\":[\"62\"],\"show\":[\"1\"]}', '2017-08-14 14:11:58', 2, 'shsxt', '\"cus_dev_plan\"');
INSERT INTO `t_log` VALUES (122, '客户开发计划项-查询', 'list', '0', '0:0:0:0:0:0:0:1', NULL, NULL, '{\"saleChanceId\":[\"62\"]}', '2017-08-14 14:11:58', 4, 'shsxt', '{\"rows\":[{\"exeAffect\":\"良好\",\"id\":89,\"planDate\":1502640000000,\"planItem\":\"请客洽谈\",\"saleChanceId\":62}]}');
INSERT INTO `t_log` VALUES (123, '客户开发计划项', 'index', '0', '0:0:0:0:0:0:0:1', NULL, NULL, '{\"saleChanceId\":[\"62\"],\"show\":[\"1\"]}', '2017-08-14 14:12:04', 3, 'shsxt', '\"cus_dev_plan\"');
INSERT INTO `t_log` VALUES (124, '客户开发计划项-查询', 'list', '0', '0:0:0:0:0:0:0:1', NULL, NULL, '{\"saleChanceId\":[\"62\"]}', '2017-08-14 14:12:05', 3, 'shsxt', '{\"rows\":[{\"exeAffect\":\"良好\",\"id\":89,\"planDate\":1502640000000,\"planItem\":\"请客洽谈\",\"saleChanceId\":62}]}');
INSERT INTO `t_log` VALUES (125, '客户开发计划项-新增', 'add', '0', '0:0:0:0:0:0:0:1', NULL, NULL, '{\"isNewRecord\":[\"true\"],\"saleChanceId\":[\"62\"],\"planDate\":[\"2017-08-15\"],\"planItem\":[\"签单\"],\"exeAffect\":[\"非常好\"]}', '2017-08-14 14:12:30', 13, 'shsxt', '{\"result\":\"添加成功\",\"resultCode\":1,\"resultMessage\":\"操作成功\"}');
INSERT INTO `t_log` VALUES (126, '客户开发计划项-查询', 'list', '0', '0:0:0:0:0:0:0:1', NULL, NULL, '{\"saleChanceId\":[\"62\"]}', '2017-08-14 14:12:30', 2, 'shsxt', '{\"rows\":[{\"exeAffect\":\"良好\",\"id\":89,\"planDate\":1502640000000,\"planItem\":\"请客洽谈\",\"saleChanceId\":62},{\"exeAffect\":\"非常好\",\"id\":90,\"planDate\":1502726400000,\"planItem\":\"签单\",\"saleChanceId\":62}]}');
INSERT INTO `t_log` VALUES (127, '客户开发计划项', 'index', '0', '0:0:0:0:0:0:0:1', NULL, NULL, '{\"saleChanceId\":[\"57\"],\"show\":[\"1\"]}', '2017-08-14 15:05:05', 2, 'shsxt', '\"cus_dev_plan\"');
INSERT INTO `t_log` VALUES (128, '客户开发计划项-查询', 'list', '0', '0:0:0:0:0:0:0:1', NULL, NULL, '{\"saleChanceId\":[\"57\"]}', '2017-08-14 15:05:05', 4, 'shsxt', '{\"rows\":[{\"exeAffect\":\"还行\",\"id\":78,\"planDate\":1498665600000,\"planItem\":\"打电话\",\"saleChanceId\":57}]}');
INSERT INTO `t_log` VALUES (129, '客户开发计划项', 'index', '0', '0:0:0:0:0:0:0:1', NULL, NULL, '{\"saleChanceId\":[\"60\"],\"show\":[\"0\"]}', '2017-08-14 16:16:38', 3, 'shsxt', '\"cus_dev_plan\"');
INSERT INTO `t_log` VALUES (130, '客户开发计划项-查询', 'list', '0', '0:0:0:0:0:0:0:1', NULL, NULL, '{\"saleChanceId\":[\"60\"]}', '2017-08-14 16:16:38', 4, 'shsxt', '{\"rows\":[]}');
INSERT INTO `t_log` VALUES (131, '首页', 'main', '0', '0:0:0:0:0:0:0:1', NULL, NULL, '{}', '2017-08-15 17:34:29', 3, 'shsxt', '\"main\"');
INSERT INTO `t_log` VALUES (132, '营销机会管理', 'index', '0', '0:0:0:0:0:0:0:1', NULL, NULL, '{\"permission\":[\"1010\"]}', '2017-08-18 15:20:17', 11610, 'shsxt', '\"sale_chance\"');
INSERT INTO `t_log` VALUES (133, '营销机会管理', 'index', '0', '0:0:0:0:0:0:0:1', NULL, NULL, '{\"permission\":[\"1010\"]}', '2017-08-18 15:22:16', 0, 'shsxt', '\"sale_chance\"');
INSERT INTO `t_log` VALUES (134, '营销机会管理', 'index', '0', '0:0:0:0:0:0:0:1', NULL, NULL, '{\"permission\":[\"1010\"]}', '2017-08-18 15:23:37', 0, 'shsxt', '\"sale_chance\"');
INSERT INTO `t_log` VALUES (135, '营销机会管理-查询', 'list', '0', '0:0:0:0:0:0:0:1', NULL, NULL, '{\"page\":[\"1\"],\"rows\":[\"10\"]}', '2017-08-18 15:23:37', 7, 'shsxt', '{\"total\":34,\"paginator\":{\"endRow\":10,\"firstPage\":true,\"hasNextPage\":true,\"hasPrePage\":false,\"lastPage\":false,\"limit\":10,\"nextPage\":2,\"offset\":0,\"page\":1,\"prePage\":1,\"slider\":[1,2,3,4],\"startRow\":1,\"totalCount\":34,\"totalPages\":4},\"rows\":[{\"assignMan\":\"admin1\",\"assignTime\":1502670384000,\"cgjl\":80,\"chanceSource\":\"廖老师介绍\",\"createDate\":1502608217000,\"createMan\":\"shsxt\",\"customerId\":35,\"customerName\":\"上海尚学堂浦东校区\",\"description\":\"哈哈哈哈哈哈\",\"devResult\":1,\"id\":62,\"linkMan\":\"李壮壮\",\"linkPhone\":\"1366666666\",\"overview\":\"需要服务器5台\",\"state\":1},{\"assignMan\":\"\",\"cgjl\":89,\"chanceSource\":\"老裴推荐\",\"createDate\":1502608084000,\"createMan\":\"shsxt\",\"customerId\":34,\"customerName\":\"浦西尚学堂\",\"description\":\"水电费水电费水电费水电费\",\"devResult\":0,\"id\":61,\"linkMan\":\"老裴\",\"linkPhone\":\"13999999999\",\"overview\":\"需要服务器5台\",\"state\":0},{\"assignMan\":\"小明\",\"assignTime\":1502352310000,\"cgjl\":80,\"chanceSource\":\"友情推荐\",\"createDate\":1502352310000,\"createMan\":\"shsxt\",\"customerId\":16,\"customerName\":\"风驰科技\",\"description\":\"老裴公司需要服务器多少多少台\",\"devResult\":0,\"id\":60,\"linkMan\":\"老裴\",\"linkPhone\":\"1366666666\",\"overview\":\"需要服务若干台\",\"state\":1},{\"assignMan\":\"小明\",\"assignTime\":1498696011000,\"cgjl\":10,\"chanceSource\":\"胜多负少\",\"createDate\":1498204647000,\"createMan\":\"shsxt\",\"customerId\":1,\"customerName\":\"1\",\"description\":\"水电费\",\"devResult\":3,\"id\":57,\"linkMan\":\" 水电费\",\"linkPhone\":\"13888888888\",\"overview\":\"水电费\",\"state\":1},{\"assignMan\":\"admin\",\"assignTime\":1488366620000,\"chanceSource\":\"\",\"createDate\":1488366620000,\"createMan\":\"Tony\",\"customerName\":\"wwwwwwww\",\"description\":\"\",\"devResult\":2,\"id\":56,\"linkMan\":\"\",\"linkPhone\":\"\",\"overview\":\"\",\"state\":1},{\"assignMan\":\"admin\",\"assignTime\":1488366298000,\"chanceSource\":\"\",\"createDate\":1488366298000,\"createMan\":\"\",\"customerName\":\"asad\",\"description\":\"\",\"devResult\":0,\"id\":53,\"linkMan\":\"10\",\"linkPhone\":\"\",\"overview\":\"\",\"state\":1},{\"assignMan\":\"admin\",\"assignTime\":1488366208000,\"chanceSource\":\"\",\"createDate\":1488366208000,\"createMan\":\"\",\"customerName\":\"sada\",\"description\":\"\",\"id\":52,\"linkMan\":\"\",\"linkPhone\":\"\",\"overview\":\"\",\"state\":1},{\"assignMan\":\"\",\"cgjl\":12,\"chanceSource\":\"\",\"createDate\":1488366104000,\"createMan\":\"\",\"customerName\":\"sadsa\",\"description\":\"\",\"id\":51,\"linkMan\":\"\",\"linkPhone\":\"\",\"overview\":\"\"},{\"assignMan\":\"admin\",\"assignTime\":1488366001000,\"chanceSource\":\"\",\"createDate\":1488366001000,\"createMan\":\"\",\"customerName\":\"sadads\",\"description\":\"\",\"devResult\":0,\"id\":50,\"linkMan\":\"\",\"linkPhone\":\"\",\"overview\":\"\",\"state\":1},{\"assignMan\":\"\",\"cgjl\":10,\"chanceSource\":\"\",\"createDate\":1488365783000,\"createMan\":\"\",\"customerName\":\"\",\"description\":\"\",\"id\":47,\"linkMan\":\"sadsad\",\"linkPhone\":\"\",\"overview\":\"\"}]}');
INSERT INTO `t_log` VALUES (136, '营销机会管理', 'java.lang.reflect.Method.index', '0', '0:0:0:0:0:0:0:1', NULL, NULL, '{\"permission\":[\"1010\"]}', '2017-08-18 15:25:12', 6, 'shsxt', '\"sale_chance\"');
INSERT INTO `t_log` VALUES (137, '营销机会管理-查询', 'java.lang.reflect.Method.list', '0', '0:0:0:0:0:0:0:1', NULL, NULL, '{\"page\":[\"1\"],\"rows\":[\"10\"]}', '2017-08-18 15:25:28', 21, 'shsxt', '{\"total\":34,\"paginator\":{\"endRow\":10,\"firstPage\":true,\"hasNextPage\":true,\"hasPrePage\":false,\"lastPage\":false,\"limit\":10,\"nextPage\":2,\"offset\":0,\"page\":1,\"prePage\":1,\"slider\":[1,2,3,4],\"startRow\":1,\"totalCount\":34,\"totalPages\":4},\"rows\":[{\"assignMan\":\"admin1\",\"assignTime\":1502670384000,\"cgjl\":80,\"chanceSource\":\"廖老师介绍\",\"createDate\":1502608217000,\"createMan\":\"shsxt\",\"customerId\":35,\"customerName\":\"上海尚学堂浦东校区\",\"description\":\"哈哈哈哈哈哈\",\"devResult\":1,\"id\":62,\"linkMan\":\"李壮壮\",\"linkPhone\":\"1366666666\",\"overview\":\"需要服务器5台\",\"state\":1},{\"assignMan\":\"\",\"cgjl\":89,\"chanceSource\":\"老裴推荐\",\"createDate\":1502608084000,\"createMan\":\"shsxt\",\"customerId\":34,\"customerName\":\"浦西尚学堂\",\"description\":\"水电费水电费水电费水电费\",\"devResult\":0,\"id\":61,\"linkMan\":\"老裴\",\"linkPhone\":\"13999999999\",\"overview\":\"需要服务器5台\",\"state\":0},{\"assignMan\":\"小明\",\"assignTime\":1502352310000,\"cgjl\":80,\"chanceSource\":\"友情推荐\",\"createDate\":1502352310000,\"createMan\":\"shsxt\",\"customerId\":16,\"customerName\":\"风驰科技\",\"description\":\"老裴公司需要服务器多少多少台\",\"devResult\":0,\"id\":60,\"linkMan\":\"老裴\",\"linkPhone\":\"1366666666\",\"overview\":\"需要服务若干台\",\"state\":1},{\"assignMan\":\"小明\",\"assignTime\":1498696011000,\"cgjl\":10,\"chanceSource\":\"胜多负少\",\"createDate\":1498204647000,\"createMan\":\"shsxt\",\"customerId\":1,\"customerName\":\"1\",\"description\":\"水电费\",\"devResult\":3,\"id\":57,\"linkMan\":\" 水电费\",\"linkPhone\":\"13888888888\",\"overview\":\"水电费\",\"state\":1},{\"assignMan\":\"admin\",\"assignTime\":1488366620000,\"chanceSource\":\"\",\"createDate\":1488366620000,\"createMan\":\"Tony\",\"customerName\":\"wwwwwwww\",\"description\":\"\",\"devResult\":2,\"id\":56,\"linkMan\":\"\",\"linkPhone\":\"\",\"overview\":\"\",\"state\":1},{\"assignMan\":\"admin\",\"assignTime\":1488366298000,\"chanceSource\":\"\",\"createDate\":1488366298000,\"createMan\":\"\",\"customerName\":\"asad\",\"description\":\"\",\"devResult\":0,\"id\":53,\"linkMan\":\"10\",\"linkPhone\":\"\",\"overview\":\"\",\"state\":1},{\"assignMan\":\"admin\",\"assignTime\":1488366208000,\"chanceSource\":\"\",\"createDate\":1488366208000,\"createMan\":\"\",\"customerName\":\"sada\",\"description\":\"\",\"id\":52,\"linkMan\":\"\",\"linkPhone\":\"\",\"overview\":\"\",\"state\":1},{\"assignMan\":\"\",\"cgjl\":12,\"chanceSource\":\"\",\"createDate\":1488366104000,\"createMan\":\"\",\"customerName\":\"sadsa\",\"description\":\"\",\"id\":51,\"linkMan\":\"\",\"linkPhone\":\"\",\"overview\":\"\"},{\"assignMan\":\"admin\",\"assignTime\":1488366001000,\"chanceSource\":\"\",\"createDate\":1488366001000,\"createMan\":\"\",\"customerName\":\"sadads\",\"description\":\"\",\"devResult\":0,\"id\":50,\"linkMan\":\"\",\"linkPhone\":\"\",\"overview\":\"\",\"state\":1},{\"assignMan\":\"\",\"cgjl\":10,\"chanceSource\":\"\",\"createDate\":1488365783000,\"createMan\":\"\",\"customerName\":\"\",\"description\":\"\",\"id\":47,\"linkMan\":\"sadsad\",\"linkPhone\":\"\",\"overview\":\"\"}]}');
INSERT INTO `t_log` VALUES (138, '营销机会管理', 'public java.lang.String com.shsxt.crm.controller.SaleChanceController.index(java.lang.Integer)', '0', '0:0:0:0:0:0:0:1', NULL, NULL, '{\"permission\":[\"1010\"]}', '2017-08-18 15:30:07', 7, 'shsxt', '\"sale_chance\"');
INSERT INTO `t_log` VALUES (139, '营销机会管理-查询', 'public java.util.Map com.shsxt.crm.controller.SaleChanceController.list(com.shsxt.crm.dto.SaleChanceQuery)', '0', '0:0:0:0:0:0:0:1', NULL, NULL, '{\"page\":[\"1\"],\"rows\":[\"10\"]}', '2017-08-18 15:30:33', 20, 'shsxt', '{\"total\":34,\"paginator\":{\"endRow\":10,\"firstPage\":true,\"hasNextPage\":true,\"hasPrePage\":false,\"lastPage\":false,\"limit\":10,\"nextPage\":2,\"offset\":0,\"page\":1,\"prePage\":1,\"slider\":[1,2,3,4],\"startRow\":1,\"totalCount\":34,\"totalPages\":4},\"rows\":[{\"assignMan\":\"admin1\",\"assignTime\":1502670384000,\"cgjl\":80,\"chanceSource\":\"廖老师介绍\",\"createDate\":1502608217000,\"createMan\":\"shsxt\",\"customerId\":35,\"customerName\":\"上海尚学堂浦东校区\",\"description\":\"哈哈哈哈哈哈\",\"devResult\":1,\"id\":62,\"linkMan\":\"李壮壮\",\"linkPhone\":\"1366666666\",\"overview\":\"需要服务器5台\",\"state\":1},{\"assignMan\":\"\",\"cgjl\":89,\"chanceSource\":\"老裴推荐\",\"createDate\":1502608084000,\"createMan\":\"shsxt\",\"customerId\":34,\"customerName\":\"浦西尚学堂\",\"description\":\"水电费水电费水电费水电费\",\"devResult\":0,\"id\":61,\"linkMan\":\"老裴\",\"linkPhone\":\"13999999999\",\"overview\":\"需要服务器5台\",\"state\":0},{\"assignMan\":\"小明\",\"assignTime\":1502352310000,\"cgjl\":80,\"chanceSource\":\"友情推荐\",\"createDate\":1502352310000,\"createMan\":\"shsxt\",\"customerId\":16,\"customerName\":\"风驰科技\",\"description\":\"老裴公司需要服务器多少多少台\",\"devResult\":0,\"id\":60,\"linkMan\":\"老裴\",\"linkPhone\":\"1366666666\",\"overview\":\"需要服务若干台\",\"state\":1},{\"assignMan\":\"小明\",\"assignTime\":1498696011000,\"cgjl\":10,\"chanceSource\":\"胜多负少\",\"createDate\":1498204647000,\"createMan\":\"shsxt\",\"customerId\":1,\"customerName\":\"1\",\"description\":\"水电费\",\"devResult\":3,\"id\":57,\"linkMan\":\" 水电费\",\"linkPhone\":\"13888888888\",\"overview\":\"水电费\",\"state\":1},{\"assignMan\":\"admin\",\"assignTime\":1488366620000,\"chanceSource\":\"\",\"createDate\":1488366620000,\"createMan\":\"Tony\",\"customerName\":\"wwwwwwww\",\"description\":\"\",\"devResult\":2,\"id\":56,\"linkMan\":\"\",\"linkPhone\":\"\",\"overview\":\"\",\"state\":1},{\"assignMan\":\"admin\",\"assignTime\":1488366298000,\"chanceSource\":\"\",\"createDate\":1488366298000,\"createMan\":\"\",\"customerName\":\"asad\",\"description\":\"\",\"devResult\":0,\"id\":53,\"linkMan\":\"10\",\"linkPhone\":\"\",\"overview\":\"\",\"state\":1},{\"assignMan\":\"admin\",\"assignTime\":1488366208000,\"chanceSource\":\"\",\"createDate\":1488366208000,\"createMan\":\"\",\"customerName\":\"sada\",\"description\":\"\",\"id\":52,\"linkMan\":\"\",\"linkPhone\":\"\",\"overview\":\"\",\"state\":1},{\"assignMan\":\"\",\"cgjl\":12,\"chanceSource\":\"\",\"createDate\":1488366104000,\"createMan\":\"\",\"customerName\":\"sadsa\",\"description\":\"\",\"id\":51,\"linkMan\":\"\",\"linkPhone\":\"\",\"overview\":\"\"},{\"assignMan\":\"admin\",\"assignTime\":1488366001000,\"chanceSource\":\"\",\"createDate\":1488366001000,\"createMan\":\"\",\"customerName\":\"sadads\",\"description\":\"\",\"devResult\":0,\"id\":50,\"linkMan\":\"\",\"linkPhone\":\"\",\"overview\":\"\",\"state\":1},{\"assignMan\":\"\",\"cgjl\":10,\"chanceSource\":\"\",\"createDate\":1488365783000,\"createMan\":\"\",\"customerName\":\"\",\"description\":\"\",\"id\":47,\"linkMan\":\"sadsad\",\"linkPhone\":\"\",\"overview\":\"\"}]}');
INSERT INTO `t_log` VALUES (140, '登录页面', 'index', '0', '0:0:0:0:0:0:0:1', NULL, NULL, '{}', '2017-08-18 15:52:52', 0, 'shsxt', '\"index\"');
INSERT INTO `t_log` VALUES (141, '首页', 'main', '0', '0:0:0:0:0:0:0:1', NULL, NULL, '{}', '2017-08-18 15:52:53', 2, 'shsxt', '\"main\"');
INSERT INTO `t_log` VALUES (142, '首页', 'main', '0', '0:0:0:0:0:0:0:1', NULL, NULL, '{}', '2017-08-18 16:27:46', 2, 'shsxt', '\"main\"');
INSERT INTO `t_log` VALUES (143, '客户信息管理', 'public java.lang.String com.shsxt.crm.controller.CustomerController.index()', '0', '0:0:0:0:0:0:0:1', NULL, NULL, '{}', '2017-08-18 16:27:59', 6, 'shsxt', '\"customer\"');
INSERT INTO `t_log` VALUES (144, '客户信息管理-分页查询', 'public java.util.Map com.shsxt.crm.controller.CustomerController.selectForPage(com.shsxt.crm.dto.CustomerQuery)', '0', '0:0:0:0:0:0:0:1', NULL, NULL, '{\"page\":[\"1\"],\"rows\":[\"10\"]}', '2017-08-18 16:27:59', 42, 'shsxt', '{\"total\":8,\"rows\":[{\"address\":\"浦东张江高科1号\",\"area\":\"北京\",\"createDate\":1499065424000,\"cusManager\":\"admin1\",\"dsdjh\":\"3242342423\",\"fax\":\"021-89898989\",\"fr\":\"赵老师\",\"gsdjh\":\"234234234\",\"id\":36,\"isValid\":1,\"khno\":\"KH20170703150344713\",\"khyh\":\"中国银行\",\"khzh\":\"89890100001010103947\",\"level\":\"普通客户\",\"myd\":\"☆\",\"name\":\"上海尚学堂浦东校区1\",\"nyye\":\"1\",\"phone\":\"13644443333\",\"postCode\":\"100027\",\"state\":0,\"updateDate\":1499065424000,\"webSite\":\"www.shsxt.com\",\"xyd\":\"☆☆☆☆☆\",\"yyzzzch\":\"420103000057404\",\"zczj\":\"10000000\"},{\"address\":\"浦东张江高科1号11\",\"area\":\"上海\",\"createDate\":1499064974000,\"cusManager\":\"小明\",\"dsdjh\":\"3242342423\",\"fax\":\"021-89898989\",\"fr\":\"廖老师\",\"gsdjh\":\"234234234\",\"id\":35,\"isValid\":1,\"khno\":\"KH20170703145613140\",\"khyh\":\"中国银行\",\"khzh\":\"89890100001010103947\",\"level\":\"重点开发客户\",\"myd\":\"☆\",\"name\":\"上海尚学堂浦东校区\",\"nyye\":\"1\",\"phone\":\"13644443333\",\"postCode\":\"100027\",\"state\":0,\"updateDate\":1499065515000,\"webSite\":\"www.shsxt.com\",\"xyd\":\"☆☆☆☆☆\",\"yyzzzch\":\"420103000057404\",\"zczj\":\"10000000\"},{\"address\":\"浦东新区\",\"area\":\"上海\",\"createDate\":1482827301000,\"cusManager\":\"zs\",\"dsdjh\":\"1000\",\"fax\":\"sxt@sxt.cn\",\"fr\":\"老裴\",\"gsdjh\":\"10000\",\"id\":34,\"isValid\":1,\"khno\":\"KH201612271628316\",\"khyh\":\"工商\",\"khzh\":\"100100000\",\"level\":\"战略合作伙伴\",\"myd\":\"☆☆☆☆☆\",\"name\":\"浦西尚学堂\",\"nyye\":\"22\",\"phone\":\"1001111\",\"postCode\":\"100100\",\"state\":0,\"updateDate\":1488431897000,\"webSite\":\"www.shsxt.com\",\"xyd\":\"☆☆☆☆☆\",\"yyzzzch\":\"1001000\",\"zczj\":\"100\"},{\"address\":\"1111fsdf\",\"area\":\"上海\",\"createDate\":1451639356000,\"cusManager\":\"小红\",\"dsdjh\":\"4535213212\",\"fax\":\"111\",\"fr\":\"老宋\",\"gsdjh\":\"中国\",\"id\":30,\"isValid\":1,\"khno\":\"KH201609011709179\",\"khyh\":\"中国银行\",\"khzh\":\"6225231243641\",\"level\":\"大客户\",\"myd\":\"☆\",\"name\":\"天猫11\",\"nyye\":\"1000000\",\"phone\":\"11111\",\"postCode\":\"200233\",\"state\":1,\"updateDate\":1499161947000,\"webSite\":\"111\",\"xyd\":\"☆☆☆\",\"yyzzzch\":\"11\",\"zczj\":\"1000\"},{\"address\":\"上海市徐汇区虹梅路153\",\"area\":\"北京\",\"createDate\":1472034590000,\"cusManager\":\"小明\",\"dsdjh\":\"4535213212\",\"fax\":\"134\",\"fr\":\"老王\",\"gsdjh\":\"中国\",\"id\":29,\"isValid\":1,\"khno\":\"KH201608241829510\",\"khyh\":\"中国银行\",\"khzh\":\"123456456\",\"level\":\"重点开发客户\",\"myd\":\"☆☆☆☆☆\",\"name\":\"上海聪享科技1\",\"nyye\":\"10000\",\"phone\":\"13666666666\",\"postCode\":\"200233\",\"state\":0,\"updateDate\":1472035571000,\"webSite\":\"www.shsxt.com\",\"xyd\":\"☆\",\"yyzzzch\":\"13344\",\"zczj\":\"100\"},{\"address\":\"62\",\"area\":\"上海\",\"createDate\":1477368939000,\"cusManager\":\"小张\",\"dsdjh\":\"132\",\"fax\":\"42\",\"fr\":\"7777\",\"gsdjh\":\"142\",\"id\":28,\"isValid\":1,\"khno\":\"KH20150729090910\",\"khyh\":\"102\",\"khzh\":\"1111\",\"level\":\"战略合作伙伴\",\"myd\":\"☆☆☆☆☆\",\"name\":\"sssss\",\"nyye\":\"sss\",\"phone\":\"32\",\"postCode\":\"22\",\"state\":0,\"updateDate\":1488451603000,\"webSite\":\"52\",\"xyd\":\"☆☆☆☆☆\",\"yyzzzch\":\"112\",\"zczj\":\"122\"},{\"address\":\"321\",\"area\":\"北京\",\"createDate\":1453695319000,\"cusManager\":\"小红\",\"dsdjh\":\"321\",\"fax\":\"321\",\"fr\":\"321\",\"gsdjh\":\"3213\",\"id\":16,\"isValid\":1,\"khno\":\"KH20150526073022\",\"khyh\":\"321\",\"khzh\":\"321\",\"level\":\"大客户\",\"myd\":\"☆\",\"name\":\"风驰科技\",\"nyye\":\"21\",\"phone\":\"321\",\"postCode\":\"21\",\"state\":2,\"updateDate\":1502268330000,\"webSite\":\"321\",\"xyd\":\"☆\",\"yyzzzch\":\"321\",\"zczj\":\"\"},{\"address\":\"北京海淀区双榆树东里15号\",\"area\":\"北京\",\"createDate\":1456370923000,\"cusManager\":\"小张\",\"dsdjh\":\"4422214321321\",\"fax\":\"010-62263393\",\"fr\":\"张三\",\"gsdjh\":\"4104322332\",\"id\":1,\"isValid\":1,\"khno\":\"KH21321321\",\"khyh\":\"中国银行\",\"khzh\":\"6225231243641\",\"level\":\"战略合作伙伴\",\"myd\":\"☆☆☆\",\"name\":\"北京大牛科技\",\"nyye\":\"1111\",\"phone\":\"010-62263393\",\"postCode\":\"100027\",\"state\":1,\"updateDate\":1488438414000,\"webSite\":\"www.daniu.com\",\"xyd\":\"☆☆☆\",\"yyzzzch\":\"420103000057404\",\"zczj\":\"1000\"}]}');
INSERT INTO `t_log` VALUES (145, '客户信息管理-分页查询', 'public java.util.Map com.shsxt.crm.controller.CustomerController.selectForPage(com.shsxt.crm.dto.CustomerQuery)', '0', '0:0:0:0:0:0:0:1', NULL, NULL, '{\"customerNo\":[\"KH20170\"],\"customerName\":[\"上海尚学\"],\"page\":[\"1\"],\"rows\":[\"10\"]}', '2017-08-18 16:28:56', 7, 'shsxt', '{\"total\":2,\"rows\":[{\"address\":\"浦东张江高科1号\",\"area\":\"北京\",\"createDate\":1499065424000,\"cusManager\":\"admin1\",\"dsdjh\":\"3242342423\",\"fax\":\"021-89898989\",\"fr\":\"赵老师\",\"gsdjh\":\"234234234\",\"id\":36,\"isValid\":1,\"khno\":\"KH20170703150344713\",\"khyh\":\"中国银行\",\"khzh\":\"89890100001010103947\",\"level\":\"普通客户\",\"myd\":\"☆\",\"name\":\"上海尚学堂浦东校区1\",\"nyye\":\"1\",\"phone\":\"13644443333\",\"postCode\":\"100027\",\"state\":0,\"updateDate\":1499065424000,\"webSite\":\"www.shsxt.com\",\"xyd\":\"☆☆☆☆☆\",\"yyzzzch\":\"420103000057404\",\"zczj\":\"10000000\"},{\"address\":\"浦东张江高科1号11\",\"area\":\"上海\",\"createDate\":1499064974000,\"cusManager\":\"小明\",\"dsdjh\":\"3242342423\",\"fax\":\"021-89898989\",\"fr\":\"廖老师\",\"gsdjh\":\"234234234\",\"id\":35,\"isValid\":1,\"khno\":\"KH20170703145613140\",\"khyh\":\"中国银行\",\"khzh\":\"89890100001010103947\",\"level\":\"重点开发客户\",\"myd\":\"☆\",\"name\":\"上海尚学堂浦东校区\",\"nyye\":\"1\",\"phone\":\"13644443333\",\"postCode\":\"100027\",\"state\":0,\"updateDate\":1499065515000,\"webSite\":\"www.shsxt.com\",\"xyd\":\"☆☆☆☆☆\",\"yyzzzch\":\"420103000057404\",\"zczj\":\"10000000\"}]}');
INSERT INTO `t_log` VALUES (146, '客户信息管理', 'public java.lang.String com.shsxt.crm.controller.CustomerController.index()', '0', '0:0:0:0:0:0:0:1', NULL, NULL, '{}', '2017-08-18 16:40:19', 6, 'shsxt', '\"customer\"');
INSERT INTO `t_log` VALUES (147, '客户信息管理-分页查询', 'public java.util.Map com.shsxt.crm.controller.CustomerController.selectForPage(com.shsxt.crm.dto.CustomerQuery)', '0', '0:0:0:0:0:0:0:1', NULL, NULL, '{\"page\":[\"1\"],\"rows\":[\"10\"]}', '2017-08-18 16:40:20', 47, 'shsxt', '{\"total\":8,\"rows\":[{\"address\":\"浦东张江高科1号\",\"area\":\"北京\",\"createDate\":1499065424000,\"cusManager\":\"admin1\",\"dsdjh\":\"3242342423\",\"fax\":\"021-89898989\",\"fr\":\"赵老师\",\"gsdjh\":\"234234234\",\"id\":36,\"isValid\":1,\"khno\":\"KH20170703150344713\",\"khyh\":\"中国银行\",\"khzh\":\"89890100001010103947\",\"level\":\"普通客户\",\"myd\":\"☆\",\"name\":\"上海尚学堂浦东校区1\",\"nyye\":\"1\",\"phone\":\"13644443333\",\"postCode\":\"100027\",\"state\":0,\"updateDate\":1499065424000,\"webSite\":\"www.shsxt.com\",\"xyd\":\"☆☆☆☆☆\",\"yyzzzch\":\"420103000057404\",\"zczj\":\"10000000\"},{\"address\":\"浦东张江高科1号11\",\"area\":\"上海\",\"createDate\":1499064974000,\"cusManager\":\"小明\",\"dsdjh\":\"3242342423\",\"fax\":\"021-89898989\",\"fr\":\"廖老师\",\"gsdjh\":\"234234234\",\"id\":35,\"isValid\":1,\"khno\":\"KH20170703145613140\",\"khyh\":\"中国银行\",\"khzh\":\"89890100001010103947\",\"level\":\"重点开发客户\",\"myd\":\"☆\",\"name\":\"上海尚学堂浦东校区\",\"nyye\":\"1\",\"phone\":\"13644443333\",\"postCode\":\"100027\",\"state\":0,\"updateDate\":1499065515000,\"webSite\":\"www.shsxt.com\",\"xyd\":\"☆☆☆☆☆\",\"yyzzzch\":\"420103000057404\",\"zczj\":\"10000000\"},{\"address\":\"浦东新区\",\"area\":\"上海\",\"createDate\":1482827301000,\"cusManager\":\"zs\",\"dsdjh\":\"1000\",\"fax\":\"sxt@sxt.cn\",\"fr\":\"老裴\",\"gsdjh\":\"10000\",\"id\":34,\"isValid\":1,\"khno\":\"KH201612271628316\",\"khyh\":\"工商\",\"khzh\":\"100100000\",\"level\":\"战略合作伙伴\",\"myd\":\"☆☆☆☆☆\",\"name\":\"浦西尚学堂\",\"nyye\":\"22\",\"phone\":\"1001111\",\"postCode\":\"100100\",\"state\":0,\"updateDate\":1488431897000,\"webSite\":\"www.shsxt.com\",\"xyd\":\"☆☆☆☆☆\",\"yyzzzch\":\"1001000\",\"zczj\":\"100\"},{\"address\":\"1111fsdf\",\"area\":\"上海\",\"createDate\":1451639356000,\"cusManager\":\"小红\",\"dsdjh\":\"4535213212\",\"fax\":\"111\",\"fr\":\"老宋\",\"gsdjh\":\"中国\",\"id\":30,\"isValid\":1,\"khno\":\"KH201609011709179\",\"khyh\":\"中国银行\",\"khzh\":\"6225231243641\",\"level\":\"大客户\",\"myd\":\"☆\",\"name\":\"天猫11\",\"nyye\":\"1000000\",\"phone\":\"11111\",\"postCode\":\"200233\",\"state\":1,\"updateDate\":1499161947000,\"webSite\":\"111\",\"xyd\":\"☆☆☆\",\"yyzzzch\":\"11\",\"zczj\":\"1000\"},{\"address\":\"上海市徐汇区虹梅路153\",\"area\":\"北京\",\"createDate\":1472034590000,\"cusManager\":\"小明\",\"dsdjh\":\"4535213212\",\"fax\":\"134\",\"fr\":\"老王\",\"gsdjh\":\"中国\",\"id\":29,\"isValid\":1,\"khno\":\"KH201608241829510\",\"khyh\":\"中国银行\",\"khzh\":\"123456456\",\"level\":\"重点开发客户\",\"myd\":\"☆☆☆☆☆\",\"name\":\"上海聪享科技1\",\"nyye\":\"10000\",\"phone\":\"13666666666\",\"postCode\":\"200233\",\"state\":0,\"updateDate\":1472035571000,\"webSite\":\"www.shsxt.com\",\"xyd\":\"☆\",\"yyzzzch\":\"13344\",\"zczj\":\"100\"},{\"address\":\"62\",\"area\":\"上海\",\"createDate\":1477368939000,\"cusManager\":\"小张\",\"dsdjh\":\"132\",\"fax\":\"42\",\"fr\":\"7777\",\"gsdjh\":\"142\",\"id\":28,\"isValid\":1,\"khno\":\"KH20150729090910\",\"khyh\":\"102\",\"khzh\":\"1111\",\"level\":\"战略合作伙伴\",\"myd\":\"☆☆☆☆☆\",\"name\":\"sssss\",\"nyye\":\"sss\",\"phone\":\"32\",\"postCode\":\"22\",\"state\":0,\"updateDate\":1488451603000,\"webSite\":\"52\",\"xyd\":\"☆☆☆☆☆\",\"yyzzzch\":\"112\",\"zczj\":\"122\"},{\"address\":\"321\",\"area\":\"北京\",\"createDate\":1453695319000,\"cusManager\":\"小红\",\"dsdjh\":\"321\",\"fax\":\"321\",\"fr\":\"321\",\"gsdjh\":\"3213\",\"id\":16,\"isValid\":1,\"khno\":\"KH20150526073022\",\"khyh\":\"321\",\"khzh\":\"321\",\"level\":\"大客户\",\"myd\":\"☆\",\"name\":\"风驰科技\",\"nyye\":\"21\",\"phone\":\"321\",\"postCode\":\"21\",\"state\":2,\"updateDate\":1502268330000,\"webSite\":\"321\",\"xyd\":\"☆\",\"yyzzzch\":\"321\",\"zczj\":\"\"},{\"address\":\"北京海淀区双榆树东里15号\",\"area\":\"北京\",\"createDate\":1456370923000,\"cusManager\":\"小张\",\"dsdjh\":\"4422214321321\",\"fax\":\"010-62263393\",\"fr\":\"张三\",\"gsdjh\":\"4104322332\",\"id\":1,\"isValid\":1,\"khno\":\"KH21321321\",\"khyh\":\"中国银行\",\"khzh\":\"6225231243641\",\"level\":\"战略合作伙伴\",\"myd\":\"☆☆☆\",\"name\":\"北京大牛科技\",\"nyye\":\"1111\",\"phone\":\"010-62263393\",\"postCode\":\"100027\",\"state\":1,\"updateDate\":1488438414000,\"webSite\":\"www.daniu.com\",\"xyd\":\"☆☆☆\",\"yyzzzch\":\"420103000057404\",\"zczj\":\"1000\"}]}');
INSERT INTO `t_log` VALUES (148, '客户信息管理', 'public java.lang.String com.shsxt.crm.controller.CustomerController.index()', '0', '0:0:0:0:0:0:0:1', NULL, NULL, '{}', '2017-08-18 16:41:04', 6, 'shsxt', '\"customer\"');
INSERT INTO `t_log` VALUES (149, '客户信息管理-分页查询', 'public java.util.Map com.shsxt.crm.controller.CustomerController.selectForPage(com.shsxt.crm.dto.CustomerQuery)', '0', '0:0:0:0:0:0:0:1', NULL, NULL, '{\"page\":[\"1\"],\"rows\":[\"10\"]}', '2017-08-18 16:41:05', 45, 'shsxt', '{\"total\":8,\"rows\":[{\"address\":\"浦东张江高科1号\",\"area\":\"北京\",\"createDate\":1499065424000,\"cusManager\":\"admin1\",\"dsdjh\":\"3242342423\",\"fax\":\"021-89898989\",\"fr\":\"赵老师\",\"gsdjh\":\"234234234\",\"id\":36,\"isValid\":1,\"khno\":\"KH20170703150344713\",\"khyh\":\"中国银行\",\"khzh\":\"89890100001010103947\",\"level\":\"普通客户\",\"myd\":\"☆\",\"name\":\"上海尚学堂浦东校区1\",\"nyye\":\"1\",\"phone\":\"13644443333\",\"postCode\":\"100027\",\"state\":0,\"updateDate\":1499065424000,\"webSite\":\"www.shsxt.com\",\"xyd\":\"☆☆☆☆☆\",\"yyzzzch\":\"420103000057404\",\"zczj\":\"10000000\"},{\"address\":\"浦东张江高科1号11\",\"area\":\"上海\",\"createDate\":1499064974000,\"cusManager\":\"小明\",\"dsdjh\":\"3242342423\",\"fax\":\"021-89898989\",\"fr\":\"廖老师\",\"gsdjh\":\"234234234\",\"id\":35,\"isValid\":1,\"khno\":\"KH20170703145613140\",\"khyh\":\"中国银行\",\"khzh\":\"89890100001010103947\",\"level\":\"重点开发客户\",\"myd\":\"☆\",\"name\":\"上海尚学堂浦东校区\",\"nyye\":\"1\",\"phone\":\"13644443333\",\"postCode\":\"100027\",\"state\":0,\"updateDate\":1499065515000,\"webSite\":\"www.shsxt.com\",\"xyd\":\"☆☆☆☆☆\",\"yyzzzch\":\"420103000057404\",\"zczj\":\"10000000\"},{\"address\":\"浦东新区\",\"area\":\"上海\",\"createDate\":1482827301000,\"cusManager\":\"zs\",\"dsdjh\":\"1000\",\"fax\":\"sxt@sxt.cn\",\"fr\":\"老裴\",\"gsdjh\":\"10000\",\"id\":34,\"isValid\":1,\"khno\":\"KH201612271628316\",\"khyh\":\"工商\",\"khzh\":\"100100000\",\"level\":\"战略合作伙伴\",\"myd\":\"☆☆☆☆☆\",\"name\":\"浦西尚学堂\",\"nyye\":\"22\",\"phone\":\"1001111\",\"postCode\":\"100100\",\"state\":0,\"updateDate\":1488431897000,\"webSite\":\"www.shsxt.com\",\"xyd\":\"☆☆☆☆☆\",\"yyzzzch\":\"1001000\",\"zczj\":\"100\"},{\"address\":\"1111fsdf\",\"area\":\"上海\",\"createDate\":1451639356000,\"cusManager\":\"小红\",\"dsdjh\":\"4535213212\",\"fax\":\"111\",\"fr\":\"老宋\",\"gsdjh\":\"中国\",\"id\":30,\"isValid\":1,\"khno\":\"KH201609011709179\",\"khyh\":\"中国银行\",\"khzh\":\"6225231243641\",\"level\":\"大客户\",\"myd\":\"☆\",\"name\":\"天猫11\",\"nyye\":\"1000000\",\"phone\":\"11111\",\"postCode\":\"200233\",\"state\":1,\"updateDate\":1499161947000,\"webSite\":\"111\",\"xyd\":\"☆☆☆\",\"yyzzzch\":\"11\",\"zczj\":\"1000\"},{\"address\":\"上海市徐汇区虹梅路153\",\"area\":\"北京\",\"createDate\":1472034590000,\"cusManager\":\"小明\",\"dsdjh\":\"4535213212\",\"fax\":\"134\",\"fr\":\"老王\",\"gsdjh\":\"中国\",\"id\":29,\"isValid\":1,\"khno\":\"KH201608241829510\",\"khyh\":\"中国银行\",\"khzh\":\"123456456\",\"level\":\"重点开发客户\",\"myd\":\"☆☆☆☆☆\",\"name\":\"上海聪享科技1\",\"nyye\":\"10000\",\"phone\":\"13666666666\",\"postCode\":\"200233\",\"state\":0,\"updateDate\":1472035571000,\"webSite\":\"www.shsxt.com\",\"xyd\":\"☆\",\"yyzzzch\":\"13344\",\"zczj\":\"100\"},{\"address\":\"62\",\"area\":\"上海\",\"createDate\":1477368939000,\"cusManager\":\"小张\",\"dsdjh\":\"132\",\"fax\":\"42\",\"fr\":\"7777\",\"gsdjh\":\"142\",\"id\":28,\"isValid\":1,\"khno\":\"KH20150729090910\",\"khyh\":\"102\",\"khzh\":\"1111\",\"level\":\"战略合作伙伴\",\"myd\":\"☆☆☆☆☆\",\"name\":\"sssss\",\"nyye\":\"sss\",\"phone\":\"32\",\"postCode\":\"22\",\"state\":0,\"updateDate\":1488451603000,\"webSite\":\"52\",\"xyd\":\"☆☆☆☆☆\",\"yyzzzch\":\"112\",\"zczj\":\"122\"},{\"address\":\"321\",\"area\":\"北京\",\"createDate\":1453695319000,\"cusManager\":\"小红\",\"dsdjh\":\"321\",\"fax\":\"321\",\"fr\":\"321\",\"gsdjh\":\"3213\",\"id\":16,\"isValid\":1,\"khno\":\"KH20150526073022\",\"khyh\":\"321\",\"khzh\":\"321\",\"level\":\"大客户\",\"myd\":\"☆\",\"name\":\"风驰科技\",\"nyye\":\"21\",\"phone\":\"321\",\"postCode\":\"21\",\"state\":2,\"updateDate\":1502268330000,\"webSite\":\"321\",\"xyd\":\"☆\",\"yyzzzch\":\"321\",\"zczj\":\"\"},{\"address\":\"北京海淀区双榆树东里15号\",\"area\":\"北京\",\"createDate\":1456370923000,\"cusManager\":\"小张\",\"dsdjh\":\"4422214321321\",\"fax\":\"010-62263393\",\"fr\":\"张三\",\"gsdjh\":\"4104322332\",\"id\":1,\"isValid\":1,\"khno\":\"KH21321321\",\"khyh\":\"中国银行\",\"khzh\":\"6225231243641\",\"level\":\"战略合作伙伴\",\"myd\":\"☆☆☆\",\"name\":\"北京大牛科技\",\"nyye\":\"1111\",\"phone\":\"010-62263393\",\"postCode\":\"100027\",\"state\":1,\"updateDate\":1488438414000,\"webSite\":\"www.daniu.com\",\"xyd\":\"☆☆☆\",\"yyzzzch\":\"420103000057404\",\"zczj\":\"1000\"}]}');
INSERT INTO `t_log` VALUES (150, '客户信息管理', 'public java.lang.String com.shsxt.crm.controller.CustomerController.index()', '0', '0:0:0:0:0:0:0:1', NULL, NULL, '{}', '2017-08-18 16:52:59', 8, 'shsxt', '\"customer\"');
INSERT INTO `t_log` VALUES (151, '客户信息管理-分页查询', 'public java.util.Map com.shsxt.crm.controller.CustomerController.selectForPage(com.shsxt.crm.dto.CustomerQuery)', '0', '0:0:0:0:0:0:0:1', NULL, NULL, '{\"page\":[\"1\"],\"rows\":[\"10\"]}', '2017-08-18 16:53:00', 48, 'shsxt', '{\"total\":8,\"rows\":[{\"address\":\"浦东张江高科1号\",\"area\":\"北京\",\"createDate\":1499065424000,\"cusManager\":\"admin1\",\"dsdjh\":\"3242342423\",\"fax\":\"021-89898989\",\"fr\":\"赵老师\",\"gsdjh\":\"234234234\",\"id\":36,\"isValid\":1,\"khno\":\"KH20170703150344713\",\"khyh\":\"中国银行\",\"khzh\":\"89890100001010103947\",\"level\":\"普通客户\",\"myd\":\"☆\",\"name\":\"上海尚学堂浦东校区1\",\"nyye\":\"1\",\"phone\":\"13644443333\",\"postCode\":\"100027\",\"state\":0,\"updateDate\":1499065424000,\"webSite\":\"www.shsxt.com\",\"xyd\":\"☆☆☆☆☆\",\"yyzzzch\":\"420103000057404\",\"zczj\":\"10000000\"},{\"address\":\"浦东张江高科1号11\",\"area\":\"上海\",\"createDate\":1499064974000,\"cusManager\":\"小明\",\"dsdjh\":\"3242342423\",\"fax\":\"021-89898989\",\"fr\":\"廖老师\",\"gsdjh\":\"234234234\",\"id\":35,\"isValid\":1,\"khno\":\"KH20170703145613140\",\"khyh\":\"中国银行\",\"khzh\":\"89890100001010103947\",\"level\":\"重点开发客户\",\"myd\":\"☆\",\"name\":\"上海尚学堂浦东校区\",\"nyye\":\"1\",\"phone\":\"13644443333\",\"postCode\":\"100027\",\"state\":0,\"updateDate\":1499065515000,\"webSite\":\"www.shsxt.com\",\"xyd\":\"☆☆☆☆☆\",\"yyzzzch\":\"420103000057404\",\"zczj\":\"10000000\"},{\"address\":\"浦东新区\",\"area\":\"上海\",\"createDate\":1482827301000,\"cusManager\":\"zs\",\"dsdjh\":\"1000\",\"fax\":\"sxt@sxt.cn\",\"fr\":\"老裴\",\"gsdjh\":\"10000\",\"id\":34,\"isValid\":1,\"khno\":\"KH201612271628316\",\"khyh\":\"工商\",\"khzh\":\"100100000\",\"level\":\"战略合作伙伴\",\"myd\":\"☆☆☆☆☆\",\"name\":\"浦西尚学堂\",\"nyye\":\"22\",\"phone\":\"1001111\",\"postCode\":\"100100\",\"state\":0,\"updateDate\":1488431897000,\"webSite\":\"www.shsxt.com\",\"xyd\":\"☆☆☆☆☆\",\"yyzzzch\":\"1001000\",\"zczj\":\"100\"},{\"address\":\"1111fsdf\",\"area\":\"上海\",\"createDate\":1451639356000,\"cusManager\":\"小红\",\"dsdjh\":\"4535213212\",\"fax\":\"111\",\"fr\":\"老宋\",\"gsdjh\":\"中国\",\"id\":30,\"isValid\":1,\"khno\":\"KH201609011709179\",\"khyh\":\"中国银行\",\"khzh\":\"6225231243641\",\"level\":\"大客户\",\"myd\":\"☆\",\"name\":\"天猫11\",\"nyye\":\"1000000\",\"phone\":\"11111\",\"postCode\":\"200233\",\"state\":1,\"updateDate\":1499161947000,\"webSite\":\"111\",\"xyd\":\"☆☆☆\",\"yyzzzch\":\"11\",\"zczj\":\"1000\"},{\"address\":\"上海市徐汇区虹梅路153\",\"area\":\"北京\",\"createDate\":1472034590000,\"cusManager\":\"小明\",\"dsdjh\":\"4535213212\",\"fax\":\"134\",\"fr\":\"老王\",\"gsdjh\":\"中国\",\"id\":29,\"isValid\":1,\"khno\":\"KH201608241829510\",\"khyh\":\"中国银行\",\"khzh\":\"123456456\",\"level\":\"重点开发客户\",\"myd\":\"☆☆☆☆☆\",\"name\":\"上海聪享科技1\",\"nyye\":\"10000\",\"phone\":\"13666666666\",\"postCode\":\"200233\",\"state\":0,\"updateDate\":1472035571000,\"webSite\":\"www.shsxt.com\",\"xyd\":\"☆\",\"yyzzzch\":\"13344\",\"zczj\":\"100\"},{\"address\":\"62\",\"area\":\"上海\",\"createDate\":1477368939000,\"cusManager\":\"小张\",\"dsdjh\":\"132\",\"fax\":\"42\",\"fr\":\"7777\",\"gsdjh\":\"142\",\"id\":28,\"isValid\":1,\"khno\":\"KH20150729090910\",\"khyh\":\"102\",\"khzh\":\"1111\",\"level\":\"战略合作伙伴\",\"myd\":\"☆☆☆☆☆\",\"name\":\"sssss\",\"nyye\":\"sss\",\"phone\":\"32\",\"postCode\":\"22\",\"state\":0,\"updateDate\":1488451603000,\"webSite\":\"52\",\"xyd\":\"☆☆☆☆☆\",\"yyzzzch\":\"112\",\"zczj\":\"122\"},{\"address\":\"321\",\"area\":\"北京\",\"createDate\":1453695319000,\"cusManager\":\"小红\",\"dsdjh\":\"321\",\"fax\":\"321\",\"fr\":\"321\",\"gsdjh\":\"3213\",\"id\":16,\"isValid\":1,\"khno\":\"KH20150526073022\",\"khyh\":\"321\",\"khzh\":\"321\",\"level\":\"大客户\",\"myd\":\"☆\",\"name\":\"风驰科技\",\"nyye\":\"21\",\"phone\":\"321\",\"postCode\":\"21\",\"state\":2,\"updateDate\":1502268330000,\"webSite\":\"321\",\"xyd\":\"☆\",\"yyzzzch\":\"321\",\"zczj\":\"\"},{\"address\":\"北京海淀区双榆树东里15号\",\"area\":\"北京\",\"createDate\":1456370923000,\"cusManager\":\"小张\",\"dsdjh\":\"4422214321321\",\"fax\":\"010-62263393\",\"fr\":\"张三\",\"gsdjh\":\"4104322332\",\"id\":1,\"isValid\":1,\"khno\":\"KH21321321\",\"khyh\":\"中国银行\",\"khzh\":\"6225231243641\",\"level\":\"战略合作伙伴\",\"myd\":\"☆☆☆\",\"name\":\"北京大牛科技\",\"nyye\":\"1111\",\"phone\":\"010-62263393\",\"postCode\":\"100027\",\"state\":1,\"updateDate\":1488438414000,\"webSite\":\"www.daniu.com\",\"xyd\":\"☆☆☆\",\"yyzzzch\":\"420103000057404\",\"zczj\":\"1000\"}]}');
INSERT INTO `t_log` VALUES (152, '客户信息管理-添加', 'public com.shsxt.crm.base.ResultInfo com.shsxt.crm.controller.CustomerController.add(com.shsxt.crm.model.Customer)', '0', '0:0:0:0:0:0:0:1', NULL, NULL, '{\"phone\":[\"13888888888\"],\"fax\":[\"021-89898989\"],\"xyd\":[\"☆☆☆☆☆\"],\"gsdjh\":[\"234234\"],\"postCode\":[\"200000\"],\"cusManager\":[\"小明\"],\"dsdjh\":[\"324234\"],\"myd\":[\"☆☆☆☆☆\"],\"id\":[\"\"],\"nyye\":[\"10000000000\"],\"level\":[\"不小的客户1\"],\"area\":[\"上海\"],\"webSite\":[\"www.shsxt.com\"],\"address\":[\"荣乐中路2369弄42号\"],\"name\":[\"尚学堂-李林学院\"],\"khyh\":[\"中国银行\"],\"khzh\":[\"12345677898990000\"],\"fr\":[\"李林\"],\"zczj\":[\"1000\"],\"yyzzzch\":[\"420103000057404\"]}', '2017-08-18 16:57:22', 3054, 'shsxt', '{\"result\":\"添加成功\",\"resultCode\":1,\"resultMessage\":\"操作成功。\"}');
INSERT INTO `t_log` VALUES (153, '客户信息管理-分页查询', 'public java.util.Map com.shsxt.crm.controller.CustomerController.selectForPage(com.shsxt.crm.dto.CustomerQuery)', '0', '0:0:0:0:0:0:0:1', NULL, NULL, '{\"page\":[\"1\"],\"rows\":[\"10\"]}', '2017-08-18 16:57:25', 11, 'shsxt', '{\"total\":10,\"rows\":[{\"address\":\"荣乐中路2369弄42号\",\"area\":\"上海\",\"createDate\":1503046645000,\"cusManager\":\"小明\",\"dsdjh\":\"324234\",\"fax\":\"021-89898989\",\"fr\":\"李林\",\"gsdjh\":\"234234\",\"id\":38,\"isValid\":1,\"khno\":\"KH2017-08-18205\",\"khyh\":\"中国银行\",\"khzh\":\"12345677898990000\",\"level\":\"不小的客户1\",\"myd\":\"☆☆☆☆☆\",\"name\":\"尚学堂-李林学院\",\"nyye\":\"10000000000\",\"phone\":\"13888888888\",\"postCode\":\"200000\",\"state\":0,\"updateDate\":1503046645000,\"webSite\":\"www.shsxt.com\",\"xyd\":\"☆☆☆☆☆\",\"yyzzzch\":\"420103000057404\",\"zczj\":\"1000\"},{\"address\":\"荣乐中路2369弄42号\",\"area\":\"上海\",\"createDate\":1503046535000,\"cusManager\":\"小明\",\"dsdjh\":\"324234\",\"fax\":\"021-89898989\",\"fr\":\"李林\",\"gsdjh\":\"234234\",\"id\":37,\"isValid\":1,\"khno\":\"KH2017-08-18175\",\"khyh\":\"中国银行\",\"khzh\":\"12345677898990000\",\"level\":\"不小的客户1\",\"myd\":\"☆☆☆☆☆\",\"name\":\"尚学堂\",\"nyye\":\"10000000000\",\"phone\":\"13888888888\",\"postCode\":\"200000\",\"state\":0,\"updateDate\":1503046535000,\"webSite\":\"www.shsxt.com\",\"xyd\":\"☆☆☆☆☆\",\"yyzzzch\":\"420103000057404\",\"zczj\":\"1000\"},{\"address\":\"浦东张江高科1号\",\"area\":\"北京\",\"createDate\":1499065424000,\"cusManager\":\"admin1\",\"dsdjh\":\"3242342423\",\"fax\":\"021-89898989\",\"fr\":\"赵老师\",\"gsdjh\":\"234234234\",\"id\":36,\"isValid\":1,\"khno\":\"KH20170703150344713\",\"khyh\":\"中国银行\",\"khzh\":\"89890100001010103947\",\"level\":\"普通客户\",\"myd\":\"☆\",\"name\":\"上海尚学堂浦东校区1\",\"nyye\":\"1\",\"phone\":\"13644443333\",\"postCode\":\"100027\",\"state\":0,\"updateDate\":1499065424000,\"webSite\":\"www.shsxt.com\",\"xyd\":\"☆☆☆☆☆\",\"yyzzzch\":\"420103000057404\",\"zczj\":\"10000000\"},{\"address\":\"浦东张江高科1号11\",\"area\":\"上海\",\"createDate\":1499064974000,\"cusManager\":\"小明\",\"dsdjh\":\"3242342423\",\"fax\":\"021-89898989\",\"fr\":\"廖老师\",\"gsdjh\":\"234234234\",\"id\":35,\"isValid\":1,\"khno\":\"KH20170703145613140\",\"khyh\":\"中国银行\",\"khzh\":\"89890100001010103947\",\"level\":\"重点开发客户\",\"myd\":\"☆\",\"name\":\"上海尚学堂浦东校区\",\"nyye\":\"1\",\"phone\":\"13644443333\",\"postCode\":\"100027\",\"state\":0,\"updateDate\":1499065515000,\"webSite\":\"www.shsxt.com\",\"xyd\":\"☆☆☆☆☆\",\"yyzzzch\":\"420103000057404\",\"zczj\":\"10000000\"},{\"address\":\"浦东新区\",\"area\":\"上海\",\"createDate\":1482827301000,\"cusManager\":\"zs\",\"dsdjh\":\"1000\",\"fax\":\"sxt@sxt.cn\",\"fr\":\"老裴\",\"gsdjh\":\"10000\",\"id\":34,\"isValid\":1,\"khno\":\"KH201612271628316\",\"khyh\":\"工商\",\"khzh\":\"100100000\",\"level\":\"战略合作伙伴\",\"myd\":\"☆☆☆☆☆\",\"name\":\"浦西尚学堂\",\"nyye\":\"22\",\"phone\":\"1001111\",\"postCode\":\"100100\",\"state\":0,\"updateDate\":1488431897000,\"webSite\":\"www.shsxt.com\",\"xyd\":\"☆☆☆☆☆\",\"yyzzzch\":\"1001000\",\"zczj\":\"100\"},{\"address\":\"1111fsdf\",\"area\":\"上海\",\"createDate\":1451639356000,\"cusManager\":\"小红\",\"dsdjh\":\"4535213212\",\"fax\":\"111\",\"fr\":\"老宋\",\"gsdjh\":\"中国\",\"id\":30,\"isValid\":1,\"khno\":\"KH201609011709179\",\"khyh\":\"中国银行\",\"khzh\":\"6225231243641\",\"level\":\"大客户\",\"myd\":\"☆\",\"name\":\"天猫11\",\"nyye\":\"1000000\",\"phone\":\"11111\",\"postCode\":\"200233\",\"state\":1,\"updateDate\":1499161947000,\"webSite\":\"111\",\"xyd\":\"☆☆☆\",\"yyzzzch\":\"11\",\"zczj\":\"1000\"},{\"address\":\"上海市徐汇区虹梅路153\",\"area\":\"北京\",\"createDate\":1472034590000,\"cusManager\":\"小明\",\"dsdjh\":\"4535213212\",\"fax\":\"134\",\"fr\":\"老王\",\"gsdjh\":\"中国\",\"id\":29,\"isValid\":1,\"khno\":\"KH201608241829510\",\"khyh\":\"中国银行\",\"khzh\":\"123456456\",\"level\":\"重点开发客户\",\"myd\":\"☆☆☆☆☆\",\"name\":\"上海聪享科技1\",\"nyye\":\"10000\",\"phone\":\"13666666666\",\"postCode\":\"200233\",\"state\":0,\"updateDate\":1472035571000,\"webSite\":\"www.shsxt.com\",\"xyd\":\"☆\",\"yyzzzch\":\"13344\",\"zczj\":\"100\"},{\"address\":\"62\",\"area\":\"上海\",\"createDate\":1477368939000,\"cusManager\":\"小张\",\"dsdjh\":\"132\",\"fax\":\"42\",\"fr\":\"7777\",\"gsdjh\":\"142\",\"id\":28,\"isValid\":1,\"khno\":\"KH20150729090910\",\"khyh\":\"102\",\"khzh\":\"1111\",\"level\":\"战略合作伙伴\",\"myd\":\"☆☆☆☆☆\",\"name\":\"sssss\",\"nyye\":\"sss\",\"phone\":\"32\",\"postCode\":\"22\",\"state\":0,\"updateDate\":1488451603000,\"webSite\":\"52\",\"xyd\":\"☆☆☆☆☆\",\"yyzzzch\":\"112\",\"zczj\":\"122\"},{\"address\":\"321\",\"area\":\"北京\",\"createDate\":1453695319000,\"cusManager\":\"小红\",\"dsdjh\":\"321\",\"fax\":\"321\",\"fr\":\"321\",\"gsdjh\":\"3213\",\"id\":16,\"isValid\":1,\"khno\":\"KH20150526073022\",\"khyh\":\"321\",\"khzh\":\"321\",\"level\":\"大客户\",\"myd\":\"☆\",\"name\":\"风驰科技\",\"nyye\":\"21\",\"phone\":\"321\",\"postCode\":\"21\",\"state\":2,\"updateDate\":1502268330000,\"webSite\":\"321\",\"xyd\":\"☆\",\"yyzzzch\":\"321\",\"zczj\":\"\"},{\"address\":\"北京海淀区双榆树东里15号\",\"area\":\"北京\",\"createDate\":1456370923000,\"cusManager\":\"小张\",\"dsdjh\":\"4422214321321\",\"fax\":\"010-62263393\",\"fr\":\"张三\",\"gsdjh\":\"4104322332\",\"id\":1,\"isValid\":1,\"khno\":\"KH21321321\",\"khyh\":\"中国银行\",\"khzh\":\"6225231243641\",\"level\":\"战略合作伙伴\",\"myd\":\"☆☆☆\",\"name\":\"北京大牛科技\",\"nyye\":\"1111\",\"phone\":\"010-62263393\",\"postCode\":\"100027\",\"state\":1,\"updateDate\":1488438414000,\"webSite\":\"www.daniu.com\",\"xyd\":\"☆☆☆\",\"yyzzzch\":\"420103000057404\",\"zczj\":\"1000\"}]}');
INSERT INTO `t_log` VALUES (154, '客户信息管理', 'public java.lang.String com.shsxt.crm.controller.CustomerController.index()', '0', '0:0:0:0:0:0:0:1', NULL, NULL, '{}', '2017-08-18 16:59:04', 7, 'shsxt', '\"customer\"');
INSERT INTO `t_log` VALUES (155, '客户信息管理-分页查询', 'public java.util.Map com.shsxt.crm.controller.CustomerController.selectForPage(com.shsxt.crm.dto.CustomerQuery)', '0', '0:0:0:0:0:0:0:1', NULL, NULL, '{\"page\":[\"1\"],\"rows\":[\"10\"]}', '2017-08-18 16:59:04', 50, 'shsxt', '{\"total\":10,\"rows\":[{\"address\":\"荣乐中路2369弄42号\",\"area\":\"上海\",\"createDate\":1503046645000,\"cusManager\":\"小明\",\"dsdjh\":\"324234\",\"fax\":\"021-89898989\",\"fr\":\"李林\",\"gsdjh\":\"234234\",\"id\":38,\"isValid\":1,\"khno\":\"KH2017-08-18205\",\"khyh\":\"中国银行\",\"khzh\":\"12345677898990000\",\"level\":\"不小的客户1\",\"myd\":\"☆☆☆☆☆\",\"name\":\"尚学堂-李林学院\",\"nyye\":\"10000000000\",\"phone\":\"13888888888\",\"postCode\":\"200000\",\"state\":0,\"updateDate\":1503046645000,\"webSite\":\"www.shsxt.com\",\"xyd\":\"☆☆☆☆☆\",\"yyzzzch\":\"420103000057404\",\"zczj\":\"1000\"},{\"address\":\"荣乐中路2369弄42号\",\"area\":\"上海\",\"createDate\":1503046535000,\"cusManager\":\"小明\",\"dsdjh\":\"324234\",\"fax\":\"021-89898989\",\"fr\":\"李林\",\"gsdjh\":\"234234\",\"id\":37,\"isValid\":1,\"khno\":\"KH2017-08-18175\",\"khyh\":\"中国银行\",\"khzh\":\"12345677898990000\",\"level\":\"不小的客户1\",\"myd\":\"☆☆☆☆☆\",\"name\":\"尚学堂\",\"nyye\":\"10000000000\",\"phone\":\"13888888888\",\"postCode\":\"200000\",\"state\":0,\"updateDate\":1503046535000,\"webSite\":\"www.shsxt.com\",\"xyd\":\"☆☆☆☆☆\",\"yyzzzch\":\"420103000057404\",\"zczj\":\"1000\"},{\"address\":\"浦东张江高科1号\",\"area\":\"北京\",\"createDate\":1499065424000,\"cusManager\":\"admin1\",\"dsdjh\":\"3242342423\",\"fax\":\"021-89898989\",\"fr\":\"赵老师\",\"gsdjh\":\"234234234\",\"id\":36,\"isValid\":1,\"khno\":\"KH20170703150344713\",\"khyh\":\"中国银行\",\"khzh\":\"89890100001010103947\",\"level\":\"普通客户\",\"myd\":\"☆\",\"name\":\"上海尚学堂浦东校区1\",\"nyye\":\"1\",\"phone\":\"13644443333\",\"postCode\":\"100027\",\"state\":0,\"updateDate\":1499065424000,\"webSite\":\"www.shsxt.com\",\"xyd\":\"☆☆☆☆☆\",\"yyzzzch\":\"420103000057404\",\"zczj\":\"10000000\"},{\"address\":\"浦东张江高科1号11\",\"area\":\"上海\",\"createDate\":1499064974000,\"cusManager\":\"小明\",\"dsdjh\":\"3242342423\",\"fax\":\"021-89898989\",\"fr\":\"廖老师\",\"gsdjh\":\"234234234\",\"id\":35,\"isValid\":1,\"khno\":\"KH20170703145613140\",\"khyh\":\"中国银行\",\"khzh\":\"89890100001010103947\",\"level\":\"重点开发客户\",\"myd\":\"☆\",\"name\":\"上海尚学堂浦东校区\",\"nyye\":\"1\",\"phone\":\"13644443333\",\"postCode\":\"100027\",\"state\":0,\"updateDate\":1499065515000,\"webSite\":\"www.shsxt.com\",\"xyd\":\"☆☆☆☆☆\",\"yyzzzch\":\"420103000057404\",\"zczj\":\"10000000\"},{\"address\":\"浦东新区\",\"area\":\"上海\",\"createDate\":1482827301000,\"cusManager\":\"zs\",\"dsdjh\":\"1000\",\"fax\":\"sxt@sxt.cn\",\"fr\":\"老裴\",\"gsdjh\":\"10000\",\"id\":34,\"isValid\":1,\"khno\":\"KH201612271628316\",\"khyh\":\"工商\",\"khzh\":\"100100000\",\"level\":\"战略合作伙伴\",\"myd\":\"☆☆☆☆☆\",\"name\":\"浦西尚学堂\",\"nyye\":\"22\",\"phone\":\"1001111\",\"postCode\":\"100100\",\"state\":0,\"updateDate\":1488431897000,\"webSite\":\"www.shsxt.com\",\"xyd\":\"☆☆☆☆☆\",\"yyzzzch\":\"1001000\",\"zczj\":\"100\"},{\"address\":\"1111fsdf\",\"area\":\"上海\",\"createDate\":1451639356000,\"cusManager\":\"小红\",\"dsdjh\":\"4535213212\",\"fax\":\"111\",\"fr\":\"老宋\",\"gsdjh\":\"中国\",\"id\":30,\"isValid\":1,\"khno\":\"KH201609011709179\",\"khyh\":\"中国银行\",\"khzh\":\"6225231243641\",\"level\":\"大客户\",\"myd\":\"☆\",\"name\":\"天猫11\",\"nyye\":\"1000000\",\"phone\":\"11111\",\"postCode\":\"200233\",\"state\":1,\"updateDate\":1499161947000,\"webSite\":\"111\",\"xyd\":\"☆☆☆\",\"yyzzzch\":\"11\",\"zczj\":\"1000\"},{\"address\":\"上海市徐汇区虹梅路153\",\"area\":\"北京\",\"createDate\":1472034590000,\"cusManager\":\"小明\",\"dsdjh\":\"4535213212\",\"fax\":\"134\",\"fr\":\"老王\",\"gsdjh\":\"中国\",\"id\":29,\"isValid\":1,\"khno\":\"KH201608241829510\",\"khyh\":\"中国银行\",\"khzh\":\"123456456\",\"level\":\"重点开发客户\",\"myd\":\"☆☆☆☆☆\",\"name\":\"上海聪享科技1\",\"nyye\":\"10000\",\"phone\":\"13666666666\",\"postCode\":\"200233\",\"state\":0,\"updateDate\":1472035571000,\"webSite\":\"www.shsxt.com\",\"xyd\":\"☆\",\"yyzzzch\":\"13344\",\"zczj\":\"100\"},{\"address\":\"62\",\"area\":\"上海\",\"createDate\":1477368939000,\"cusManager\":\"小张\",\"dsdjh\":\"132\",\"fax\":\"42\",\"fr\":\"7777\",\"gsdjh\":\"142\",\"id\":28,\"isValid\":1,\"khno\":\"KH20150729090910\",\"khyh\":\"102\",\"khzh\":\"1111\",\"level\":\"战略合作伙伴\",\"myd\":\"☆☆☆☆☆\",\"name\":\"sssss\",\"nyye\":\"sss\",\"phone\":\"32\",\"postCode\":\"22\",\"state\":0,\"updateDate\":1488451603000,\"webSite\":\"52\",\"xyd\":\"☆☆☆☆☆\",\"yyzzzch\":\"112\",\"zczj\":\"122\"},{\"address\":\"321\",\"area\":\"北京\",\"createDate\":1453695319000,\"cusManager\":\"小红\",\"dsdjh\":\"321\",\"fax\":\"321\",\"fr\":\"321\",\"gsdjh\":\"3213\",\"id\":16,\"isValid\":1,\"khno\":\"KH20150526073022\",\"khyh\":\"321\",\"khzh\":\"321\",\"level\":\"大客户\",\"myd\":\"☆\",\"name\":\"风驰科技\",\"nyye\":\"21\",\"phone\":\"321\",\"postCode\":\"21\",\"state\":2,\"updateDate\":1502268330000,\"webSite\":\"321\",\"xyd\":\"☆\",\"yyzzzch\":\"321\",\"zczj\":\"\"},{\"address\":\"北京海淀区双榆树东里15号\",\"area\":\"北京\",\"createDate\":1456370923000,\"cusManager\":\"小张\",\"dsdjh\":\"4422214321321\",\"fax\":\"010-62263393\",\"fr\":\"张三\",\"gsdjh\":\"4104322332\",\"id\":1,\"isValid\":1,\"khno\":\"KH21321321\",\"khyh\":\"中国银行\",\"khzh\":\"6225231243641\",\"level\":\"战略合作伙伴\",\"myd\":\"☆☆☆\",\"name\":\"北京大牛科技\",\"nyye\":\"1111\",\"phone\":\"010-62263393\",\"postCode\":\"100027\",\"state\":1,\"updateDate\":1488438414000,\"webSite\":\"www.daniu.com\",\"xyd\":\"☆☆☆\",\"yyzzzch\":\"420103000057404\",\"zczj\":\"1000\"}]}');
INSERT INTO `t_log` VALUES (156, '客户信息管理-添加', 'public com.shsxt.crm.base.ResultInfo com.shsxt.crm.controller.CustomerController.add(com.shsxt.crm.model.Customer)', '0', '0:0:0:0:0:0:0:1', NULL, NULL, '{\"phone\":[\"13644443333\"],\"fax\":[\"021-89898989\"],\"xyd\":[\"☆☆☆☆☆\"],\"gsdjh\":[\"22\"],\"postCode\":[\"200000\"],\"cusManager\":[\"小明\"],\"dsdjh\":[\"22\"],\"myd\":[\"☆☆☆☆☆\"],\"id\":[\"\"],\"nyye\":[\"100000000000\"],\"level\":[\"不小的客户1\"],\"area\":[\"上海\"],\"webSite\":[\"www.shsxt.com\"],\"address\":[\"浦东张江高科1号\"],\"name\":[\"尚学堂-郑昊\"],\"khyh\":[\"中国银行\"],\"khzh\":[\"257687888\"],\"fr\":[\"郑昊\"],\"zczj\":[\"12000\"],\"yyzzzch\":[\"420103000057404\"]}', '2017-08-18 17:00:05', 51, 'shsxt', '{\"result\":\"添加成功\",\"resultCode\":1,\"resultMessage\":\"操作成功。\"}');
INSERT INTO `t_log` VALUES (157, '客户信息管理-分页查询', 'public java.util.Map com.shsxt.crm.controller.CustomerController.selectForPage(com.shsxt.crm.dto.CustomerQuery)', '0', '0:0:0:0:0:0:0:1', NULL, NULL, '{\"page\":[\"1\"],\"rows\":[\"10\"]}', '2017-08-18 17:00:05', 14, 'shsxt', '{\"total\":11,\"rows\":[{\"address\":\"浦东张江高科1号\",\"area\":\"上海\",\"createDate\":1503046805000,\"cusManager\":\"小明\",\"dsdjh\":\"22\",\"fax\":\"021-89898989\",\"fr\":\"郑昊\",\"gsdjh\":\"22\",\"id\":39,\"isValid\":1,\"khno\":\"KH20170818170004820\",\"khyh\":\"中国银行\",\"khzh\":\"257687888\",\"level\":\"不小的客户1\",\"myd\":\"☆☆☆☆☆\",\"name\":\"尚学堂-郑昊\",\"nyye\":\"100000000000\",\"phone\":\"13644443333\",\"postCode\":\"200000\",\"state\":0,\"updateDate\":1503046805000,\"webSite\":\"www.shsxt.com\",\"xyd\":\"☆☆☆☆☆\",\"yyzzzch\":\"420103000057404\",\"zczj\":\"12000\"},{\"address\":\"荣乐中路2369弄42号\",\"area\":\"上海\",\"createDate\":1503046645000,\"cusManager\":\"小明\",\"dsdjh\":\"324234\",\"fax\":\"021-89898989\",\"fr\":\"李林\",\"gsdjh\":\"234234\",\"id\":38,\"isValid\":1,\"khno\":\"KH2017-08-18205\",\"khyh\":\"中国银行\",\"khzh\":\"12345677898990000\",\"level\":\"不小的客户1\",\"myd\":\"☆☆☆☆☆\",\"name\":\"尚学堂-李林学院\",\"nyye\":\"10000000000\",\"phone\":\"13888888888\",\"postCode\":\"200000\",\"state\":0,\"updateDate\":1503046645000,\"webSite\":\"www.shsxt.com\",\"xyd\":\"☆☆☆☆☆\",\"yyzzzch\":\"420103000057404\",\"zczj\":\"1000\"},{\"address\":\"荣乐中路2369弄42号\",\"area\":\"上海\",\"createDate\":1503046535000,\"cusManager\":\"小明\",\"dsdjh\":\"324234\",\"fax\":\"021-89898989\",\"fr\":\"李林\",\"gsdjh\":\"234234\",\"id\":37,\"isValid\":1,\"khno\":\"KH2017-08-18175\",\"khyh\":\"中国银行\",\"khzh\":\"12345677898990000\",\"level\":\"不小的客户1\",\"myd\":\"☆☆☆☆☆\",\"name\":\"尚学堂\",\"nyye\":\"10000000000\",\"phone\":\"13888888888\",\"postCode\":\"200000\",\"state\":0,\"updateDate\":1503046535000,\"webSite\":\"www.shsxt.com\",\"xyd\":\"☆☆☆☆☆\",\"yyzzzch\":\"420103000057404\",\"zczj\":\"1000\"},{\"address\":\"浦东张江高科1号\",\"area\":\"北京\",\"createDate\":1499065424000,\"cusManager\":\"admin1\",\"dsdjh\":\"3242342423\",\"fax\":\"021-89898989\",\"fr\":\"赵老师\",\"gsdjh\":\"234234234\",\"id\":36,\"isValid\":1,\"khno\":\"KH20170703150344713\",\"khyh\":\"中国银行\",\"khzh\":\"89890100001010103947\",\"level\":\"普通客户\",\"myd\":\"☆\",\"name\":\"上海尚学堂浦东校区1\",\"nyye\":\"1\",\"phone\":\"13644443333\",\"postCode\":\"100027\",\"state\":0,\"updateDate\":1499065424000,\"webSite\":\"www.shsxt.com\",\"xyd\":\"☆☆☆☆☆\",\"yyzzzch\":\"420103000057404\",\"zczj\":\"10000000\"},{\"address\":\"浦东张江高科1号11\",\"area\":\"上海\",\"createDate\":1499064974000,\"cusManager\":\"小明\",\"dsdjh\":\"3242342423\",\"fax\":\"021-89898989\",\"fr\":\"廖老师\",\"gsdjh\":\"234234234\",\"id\":35,\"isValid\":1,\"khno\":\"KH20170703145613140\",\"khyh\":\"中国银行\",\"khzh\":\"89890100001010103947\",\"level\":\"重点开发客户\",\"myd\":\"☆\",\"name\":\"上海尚学堂浦东校区\",\"nyye\":\"1\",\"phone\":\"13644443333\",\"postCode\":\"100027\",\"state\":0,\"updateDate\":1499065515000,\"webSite\":\"www.shsxt.com\",\"xyd\":\"☆☆☆☆☆\",\"yyzzzch\":\"420103000057404\",\"zczj\":\"10000000\"},{\"address\":\"浦东新区\",\"area\":\"上海\",\"createDate\":1482827301000,\"cusManager\":\"zs\",\"dsdjh\":\"1000\",\"fax\":\"sxt@sxt.cn\",\"fr\":\"老裴\",\"gsdjh\":\"10000\",\"id\":34,\"isValid\":1,\"khno\":\"KH201612271628316\",\"khyh\":\"工商\",\"khzh\":\"100100000\",\"level\":\"战略合作伙伴\",\"myd\":\"☆☆☆☆☆\",\"name\":\"浦西尚学堂\",\"nyye\":\"22\",\"phone\":\"1001111\",\"postCode\":\"100100\",\"state\":0,\"updateDate\":1488431897000,\"webSite\":\"www.shsxt.com\",\"xyd\":\"☆☆☆☆☆\",\"yyzzzch\":\"1001000\",\"zczj\":\"100\"},{\"address\":\"1111fsdf\",\"area\":\"上海\",\"createDate\":1451639356000,\"cusManager\":\"小红\",\"dsdjh\":\"4535213212\",\"fax\":\"111\",\"fr\":\"老宋\",\"gsdjh\":\"中国\",\"id\":30,\"isValid\":1,\"khno\":\"KH201609011709179\",\"khyh\":\"中国银行\",\"khzh\":\"6225231243641\",\"level\":\"大客户\",\"myd\":\"☆\",\"name\":\"天猫11\",\"nyye\":\"1000000\",\"phone\":\"11111\",\"postCode\":\"200233\",\"state\":1,\"updateDate\":1499161947000,\"webSite\":\"111\",\"xyd\":\"☆☆☆\",\"yyzzzch\":\"11\",\"zczj\":\"1000\"},{\"address\":\"上海市徐汇区虹梅路153\",\"area\":\"北京\",\"createDate\":1472034590000,\"cusManager\":\"小明\",\"dsdjh\":\"4535213212\",\"fax\":\"134\",\"fr\":\"老王\",\"gsdjh\":\"中国\",\"id\":29,\"isValid\":1,\"khno\":\"KH201608241829510\",\"khyh\":\"中国银行\",\"khzh\":\"123456456\",\"level\":\"重点开发客户\",\"myd\":\"☆☆☆☆☆\",\"name\":\"上海聪享科技1\",\"nyye\":\"10000\",\"phone\":\"13666666666\",\"postCode\":\"200233\",\"state\":0,\"updateDate\":1472035571000,\"webSite\":\"www.shsxt.com\",\"xyd\":\"☆\",\"yyzzzch\":\"13344\",\"zczj\":\"100\"},{\"address\":\"62\",\"area\":\"上海\",\"createDate\":1477368939000,\"cusManager\":\"小张\",\"dsdjh\":\"132\",\"fax\":\"42\",\"fr\":\"7777\",\"gsdjh\":\"142\",\"id\":28,\"isValid\":1,\"khno\":\"KH20150729090910\",\"khyh\":\"102\",\"khzh\":\"1111\",\"level\":\"战略合作伙伴\",\"myd\":\"☆☆☆☆☆\",\"name\":\"sssss\",\"nyye\":\"sss\",\"phone\":\"32\",\"postCode\":\"22\",\"state\":0,\"updateDate\":1488451603000,\"webSite\":\"52\",\"xyd\":\"☆☆☆☆☆\",\"yyzzzch\":\"112\",\"zczj\":\"122\"},{\"address\":\"321\",\"area\":\"北京\",\"createDate\":1453695319000,\"cusManager\":\"小红\",\"dsdjh\":\"321\",\"fax\":\"321\",\"fr\":\"321\",\"gsdjh\":\"3213\",\"id\":16,\"isValid\":1,\"khno\":\"KH20150526073022\",\"khyh\":\"321\",\"khzh\":\"321\",\"level\":\"大客户\",\"myd\":\"☆\",\"name\":\"风驰科技\",\"nyye\":\"21\",\"phone\":\"321\",\"postCode\":\"21\",\"state\":2,\"updateDate\":1502268330000,\"webSite\":\"321\",\"xyd\":\"☆\",\"yyzzzch\":\"321\",\"zczj\":\"\"}]}');
INSERT INTO `t_log` VALUES (158, '客户信息管理-修改', 'public com.shsxt.crm.base.ResultInfo com.shsxt.crm.controller.CustomerController.update(com.shsxt.crm.model.Customer)', '0', '0:0:0:0:0:0:0:1', NULL, NULL, '{\"phone\":[\"13644443333\"],\"fax\":[\"021-89898989\"],\"xyd\":[\"☆\"],\"gsdjh\":[\"22\"],\"postCode\":[\"200000\"],\"cusManager\":[\"admin1\"],\"dsdjh\":[\"22\"],\"myd\":[\"☆\"],\"id\":[\"39\"],\"nyye\":[\"1\"],\"level\":[\"不小的客户1\"],\"area\":[\"上海\"],\"webSite\":[\"www.shsxt.com\"],\"address\":[\"浦东张江高科1号\"],\"name\":[\"尚学堂-郑昊\"],\"khyh\":[\"农业银行\"],\"khzh\":[\"257687888\"],\"fr\":[\"郑昊\"],\"zczj\":[\"12000\"],\"yyzzzch\":[\"420103000057404\"]}', '2017-08-18 17:00:55', 5, 'shsxt', '{\"result\":\"修改成功\",\"resultCode\":1,\"resultMessage\":\"操作成功。\"}');
INSERT INTO `t_log` VALUES (159, '客户信息管理-分页查询', 'public java.util.Map com.shsxt.crm.controller.CustomerController.selectForPage(com.shsxt.crm.dto.CustomerQuery)', '0', '0:0:0:0:0:0:0:1', NULL, NULL, '{\"page\":[\"1\"],\"rows\":[\"10\"]}', '2017-08-18 17:00:55', 7, 'shsxt', '{\"total\":11,\"rows\":[{\"address\":\"浦东张江高科1号\",\"area\":\"上海\",\"createDate\":1503046805000,\"cusManager\":\"admin1\",\"dsdjh\":\"22\",\"fax\":\"021-89898989\",\"fr\":\"郑昊\",\"gsdjh\":\"22\",\"id\":39,\"isValid\":1,\"khno\":\"KH20170818170004820\",\"khyh\":\"农业银行\",\"khzh\":\"257687888\",\"level\":\"不小的客户1\",\"myd\":\"☆\",\"name\":\"尚学堂-郑昊\",\"nyye\":\"1\",\"phone\":\"13644443333\",\"postCode\":\"200000\",\"state\":0,\"updateDate\":1503046855000,\"webSite\":\"www.shsxt.com\",\"xyd\":\"☆\",\"yyzzzch\":\"420103000057404\",\"zczj\":\"12000\"},{\"address\":\"荣乐中路2369弄42号\",\"area\":\"上海\",\"createDate\":1503046645000,\"cusManager\":\"小明\",\"dsdjh\":\"324234\",\"fax\":\"021-89898989\",\"fr\":\"李林\",\"gsdjh\":\"234234\",\"id\":38,\"isValid\":1,\"khno\":\"KH2017-08-18205\",\"khyh\":\"中国银行\",\"khzh\":\"12345677898990000\",\"level\":\"不小的客户1\",\"myd\":\"☆☆☆☆☆\",\"name\":\"尚学堂-李林学院\",\"nyye\":\"10000000000\",\"phone\":\"13888888888\",\"postCode\":\"200000\",\"state\":0,\"updateDate\":1503046645000,\"webSite\":\"www.shsxt.com\",\"xyd\":\"☆☆☆☆☆\",\"yyzzzch\":\"420103000057404\",\"zczj\":\"1000\"},{\"address\":\"荣乐中路2369弄42号\",\"area\":\"上海\",\"createDate\":1503046535000,\"cusManager\":\"小明\",\"dsdjh\":\"324234\",\"fax\":\"021-89898989\",\"fr\":\"李林\",\"gsdjh\":\"234234\",\"id\":37,\"isValid\":1,\"khno\":\"KH2017-08-18175\",\"khyh\":\"中国银行\",\"khzh\":\"12345677898990000\",\"level\":\"不小的客户1\",\"myd\":\"☆☆☆☆☆\",\"name\":\"尚学堂\",\"nyye\":\"10000000000\",\"phone\":\"13888888888\",\"postCode\":\"200000\",\"state\":0,\"updateDate\":1503046535000,\"webSite\":\"www.shsxt.com\",\"xyd\":\"☆☆☆☆☆\",\"yyzzzch\":\"420103000057404\",\"zczj\":\"1000\"},{\"address\":\"浦东张江高科1号\",\"area\":\"北京\",\"createDate\":1499065424000,\"cusManager\":\"admin1\",\"dsdjh\":\"3242342423\",\"fax\":\"021-89898989\",\"fr\":\"赵老师\",\"gsdjh\":\"234234234\",\"id\":36,\"isValid\":1,\"khno\":\"KH20170703150344713\",\"khyh\":\"中国银行\",\"khzh\":\"89890100001010103947\",\"level\":\"普通客户\",\"myd\":\"☆\",\"name\":\"上海尚学堂浦东校区1\",\"nyye\":\"1\",\"phone\":\"13644443333\",\"postCode\":\"100027\",\"state\":0,\"updateDate\":1499065424000,\"webSite\":\"www.shsxt.com\",\"xyd\":\"☆☆☆☆☆\",\"yyzzzch\":\"420103000057404\",\"zczj\":\"10000000\"},{\"address\":\"浦东张江高科1号11\",\"area\":\"上海\",\"createDate\":1499064974000,\"cusManager\":\"小明\",\"dsdjh\":\"3242342423\",\"fax\":\"021-89898989\",\"fr\":\"廖老师\",\"gsdjh\":\"234234234\",\"id\":35,\"isValid\":1,\"khno\":\"KH20170703145613140\",\"khyh\":\"中国银行\",\"khzh\":\"89890100001010103947\",\"level\":\"重点开发客户\",\"myd\":\"☆\",\"name\":\"上海尚学堂浦东校区\",\"nyye\":\"1\",\"phone\":\"13644443333\",\"postCode\":\"100027\",\"state\":0,\"updateDate\":1499065515000,\"webSite\":\"www.shsxt.com\",\"xyd\":\"☆☆☆☆☆\",\"yyzzzch\":\"420103000057404\",\"zczj\":\"10000000\"},{\"address\":\"浦东新区\",\"area\":\"上海\",\"createDate\":1482827301000,\"cusManager\":\"zs\",\"dsdjh\":\"1000\",\"fax\":\"sxt@sxt.cn\",\"fr\":\"老裴\",\"gsdjh\":\"10000\",\"id\":34,\"isValid\":1,\"khno\":\"KH201612271628316\",\"khyh\":\"工商\",\"khzh\":\"100100000\",\"level\":\"战略合作伙伴\",\"myd\":\"☆☆☆☆☆\",\"name\":\"浦西尚学堂\",\"nyye\":\"22\",\"phone\":\"1001111\",\"postCode\":\"100100\",\"state\":0,\"updateDate\":1488431897000,\"webSite\":\"www.shsxt.com\",\"xyd\":\"☆☆☆☆☆\",\"yyzzzch\":\"1001000\",\"zczj\":\"100\"},{\"address\":\"1111fsdf\",\"area\":\"上海\",\"createDate\":1451639356000,\"cusManager\":\"小红\",\"dsdjh\":\"4535213212\",\"fax\":\"111\",\"fr\":\"老宋\",\"gsdjh\":\"中国\",\"id\":30,\"isValid\":1,\"khno\":\"KH201609011709179\",\"khyh\":\"中国银行\",\"khzh\":\"6225231243641\",\"level\":\"大客户\",\"myd\":\"☆\",\"name\":\"天猫11\",\"nyye\":\"1000000\",\"phone\":\"11111\",\"postCode\":\"200233\",\"state\":1,\"updateDate\":1499161947000,\"webSite\":\"111\",\"xyd\":\"☆☆☆\",\"yyzzzch\":\"11\",\"zczj\":\"1000\"},{\"address\":\"上海市徐汇区虹梅路153\",\"area\":\"北京\",\"createDate\":1472034590000,\"cusManager\":\"小明\",\"dsdjh\":\"4535213212\",\"fax\":\"134\",\"fr\":\"老王\",\"gsdjh\":\"中国\",\"id\":29,\"isValid\":1,\"khno\":\"KH201608241829510\",\"khyh\":\"中国银行\",\"khzh\":\"123456456\",\"level\":\"重点开发客户\",\"myd\":\"☆☆☆☆☆\",\"name\":\"上海聪享科技1\",\"nyye\":\"10000\",\"phone\":\"13666666666\",\"postCode\":\"200233\",\"state\":0,\"updateDate\":1472035571000,\"webSite\":\"www.shsxt.com\",\"xyd\":\"☆\",\"yyzzzch\":\"13344\",\"zczj\":\"100\"},{\"address\":\"62\",\"area\":\"上海\",\"createDate\":1477368939000,\"cusManager\":\"小张\",\"dsdjh\":\"132\",\"fax\":\"42\",\"fr\":\"7777\",\"gsdjh\":\"142\",\"id\":28,\"isValid\":1,\"khno\":\"KH20150729090910\",\"khyh\":\"102\",\"khzh\":\"1111\",\"level\":\"战略合作伙伴\",\"myd\":\"☆☆☆☆☆\",\"name\":\"sssss\",\"nyye\":\"sss\",\"phone\":\"32\",\"postCode\":\"22\",\"state\":0,\"updateDate\":1488451603000,\"webSite\":\"52\",\"xyd\":\"☆☆☆☆☆\",\"yyzzzch\":\"112\",\"zczj\":\"122\"},{\"address\":\"321\",\"area\":\"北京\",\"createDate\":1453695319000,\"cusManager\":\"小红\",\"dsdjh\":\"321\",\"fax\":\"321\",\"fr\":\"321\",\"gsdjh\":\"3213\",\"id\":16,\"isValid\":1,\"khno\":\"KH20150526073022\",\"khyh\":\"321\",\"khzh\":\"321\",\"level\":\"大客户\",\"myd\":\"☆\",\"name\":\"风驰科技\",\"nyye\":\"21\",\"phone\":\"321\",\"postCode\":\"21\",\"state\":2,\"updateDate\":1502268330000,\"webSite\":\"321\",\"xyd\":\"☆\",\"yyzzzch\":\"321\",\"zczj\":\"\"}]}');
INSERT INTO `t_log` VALUES (160, '客户信息管理', 'public java.lang.String com.shsxt.crm.controller.CustomerController.index()', '0', '0:0:0:0:0:0:0:1', NULL, NULL, '{}', '2017-08-18 17:03:35', 0, 'shsxt', '\"customer\"');
INSERT INTO `t_log` VALUES (161, '客户信息管理-分页查询', 'public java.util.Map com.shsxt.crm.controller.CustomerController.selectForPage(com.shsxt.crm.dto.CustomerQuery)', '0', '0:0:0:0:0:0:0:1', NULL, NULL, '{\"page\":[\"1\"],\"rows\":[\"10\"]}', '2017-08-18 17:03:35', 3, 'shsxt', '{\"total\":11,\"rows\":[{\"address\":\"浦东张江高科1号\",\"area\":\"上海\",\"createDate\":1503046805000,\"cusManager\":\"admin1\",\"dsdjh\":\"22\",\"fax\":\"021-89898989\",\"fr\":\"郑昊\",\"gsdjh\":\"22\",\"id\":39,\"isValid\":1,\"khno\":\"KH20170818170004820\",\"khyh\":\"农业银行\",\"khzh\":\"257687888\",\"level\":\"不小的客户1\",\"myd\":\"☆\",\"name\":\"尚学堂-郑昊\",\"nyye\":\"1\",\"phone\":\"13644443333\",\"postCode\":\"200000\",\"state\":0,\"updateDate\":1503046855000,\"webSite\":\"www.shsxt.com\",\"xyd\":\"☆\",\"yyzzzch\":\"420103000057404\",\"zczj\":\"12000\"},{\"address\":\"荣乐中路2369弄42号\",\"area\":\"上海\",\"createDate\":1503046645000,\"cusManager\":\"小明\",\"dsdjh\":\"324234\",\"fax\":\"021-89898989\",\"fr\":\"李林\",\"gsdjh\":\"234234\",\"id\":38,\"isValid\":1,\"khno\":\"KH2017-08-18205\",\"khyh\":\"中国银行\",\"khzh\":\"12345677898990000\",\"level\":\"不小的客户1\",\"myd\":\"☆☆☆☆☆\",\"name\":\"尚学堂-李林学院\",\"nyye\":\"10000000000\",\"phone\":\"13888888888\",\"postCode\":\"200000\",\"state\":0,\"updateDate\":1503046645000,\"webSite\":\"www.shsxt.com\",\"xyd\":\"☆☆☆☆☆\",\"yyzzzch\":\"420103000057404\",\"zczj\":\"1000\"},{\"address\":\"荣乐中路2369弄42号\",\"area\":\"上海\",\"createDate\":1503046535000,\"cusManager\":\"小明\",\"dsdjh\":\"324234\",\"fax\":\"021-89898989\",\"fr\":\"李林\",\"gsdjh\":\"234234\",\"id\":37,\"isValid\":1,\"khno\":\"KH2017-08-18175\",\"khyh\":\"中国银行\",\"khzh\":\"12345677898990000\",\"level\":\"不小的客户1\",\"myd\":\"☆☆☆☆☆\",\"name\":\"尚学堂\",\"nyye\":\"10000000000\",\"phone\":\"13888888888\",\"postCode\":\"200000\",\"state\":0,\"updateDate\":1503046535000,\"webSite\":\"www.shsxt.com\",\"xyd\":\"☆☆☆☆☆\",\"yyzzzch\":\"420103000057404\",\"zczj\":\"1000\"},{\"address\":\"浦东张江高科1号\",\"area\":\"北京\",\"createDate\":1499065424000,\"cusManager\":\"admin1\",\"dsdjh\":\"3242342423\",\"fax\":\"021-89898989\",\"fr\":\"赵老师\",\"gsdjh\":\"234234234\",\"id\":36,\"isValid\":1,\"khno\":\"KH20170703150344713\",\"khyh\":\"中国银行\",\"khzh\":\"89890100001010103947\",\"level\":\"普通客户\",\"myd\":\"☆\",\"name\":\"上海尚学堂浦东校区1\",\"nyye\":\"1\",\"phone\":\"13644443333\",\"postCode\":\"100027\",\"state\":0,\"updateDate\":1499065424000,\"webSite\":\"www.shsxt.com\",\"xyd\":\"☆☆☆☆☆\",\"yyzzzch\":\"420103000057404\",\"zczj\":\"10000000\"},{\"address\":\"浦东张江高科1号11\",\"area\":\"上海\",\"createDate\":1499064974000,\"cusManager\":\"小明\",\"dsdjh\":\"3242342423\",\"fax\":\"021-89898989\",\"fr\":\"廖老师\",\"gsdjh\":\"234234234\",\"id\":35,\"isValid\":1,\"khno\":\"KH20170703145613140\",\"khyh\":\"中国银行\",\"khzh\":\"89890100001010103947\",\"level\":\"重点开发客户\",\"myd\":\"☆\",\"name\":\"上海尚学堂浦东校区\",\"nyye\":\"1\",\"phone\":\"13644443333\",\"postCode\":\"100027\",\"state\":0,\"updateDate\":1499065515000,\"webSite\":\"www.shsxt.com\",\"xyd\":\"☆☆☆☆☆\",\"yyzzzch\":\"420103000057404\",\"zczj\":\"10000000\"},{\"address\":\"浦东新区\",\"area\":\"上海\",\"createDate\":1482827301000,\"cusManager\":\"zs\",\"dsdjh\":\"1000\",\"fax\":\"sxt@sxt.cn\",\"fr\":\"老裴\",\"gsdjh\":\"10000\",\"id\":34,\"isValid\":1,\"khno\":\"KH201612271628316\",\"khyh\":\"工商\",\"khzh\":\"100100000\",\"level\":\"战略合作伙伴\",\"myd\":\"☆☆☆☆☆\",\"name\":\"浦西尚学堂\",\"nyye\":\"22\",\"phone\":\"1001111\",\"postCode\":\"100100\",\"state\":0,\"updateDate\":1488431897000,\"webSite\":\"www.shsxt.com\",\"xyd\":\"☆☆☆☆☆\",\"yyzzzch\":\"1001000\",\"zczj\":\"100\"},{\"address\":\"1111fsdf\",\"area\":\"上海\",\"createDate\":1451639356000,\"cusManager\":\"小红\",\"dsdjh\":\"4535213212\",\"fax\":\"111\",\"fr\":\"老宋\",\"gsdjh\":\"中国\",\"id\":30,\"isValid\":1,\"khno\":\"KH201609011709179\",\"khyh\":\"中国银行\",\"khzh\":\"6225231243641\",\"level\":\"大客户\",\"myd\":\"☆\",\"name\":\"天猫11\",\"nyye\":\"1000000\",\"phone\":\"11111\",\"postCode\":\"200233\",\"state\":1,\"updateDate\":1499161947000,\"webSite\":\"111\",\"xyd\":\"☆☆☆\",\"yyzzzch\":\"11\",\"zczj\":\"1000\"},{\"address\":\"上海市徐汇区虹梅路153\",\"area\":\"北京\",\"createDate\":1472034590000,\"cusManager\":\"小明\",\"dsdjh\":\"4535213212\",\"fax\":\"134\",\"fr\":\"老王\",\"gsdjh\":\"中国\",\"id\":29,\"isValid\":1,\"khno\":\"KH201608241829510\",\"khyh\":\"中国银行\",\"khzh\":\"123456456\",\"level\":\"重点开发客户\",\"myd\":\"☆☆☆☆☆\",\"name\":\"上海聪享科技1\",\"nyye\":\"10000\",\"phone\":\"13666666666\",\"postCode\":\"200233\",\"state\":0,\"updateDate\":1472035571000,\"webSite\":\"www.shsxt.com\",\"xyd\":\"☆\",\"yyzzzch\":\"13344\",\"zczj\":\"100\"},{\"address\":\"62\",\"area\":\"上海\",\"createDate\":1477368939000,\"cusManager\":\"小张\",\"dsdjh\":\"132\",\"fax\":\"42\",\"fr\":\"7777\",\"gsdjh\":\"142\",\"id\":28,\"isValid\":1,\"khno\":\"KH20150729090910\",\"khyh\":\"102\",\"khzh\":\"1111\",\"level\":\"战略合作伙伴\",\"myd\":\"☆☆☆☆☆\",\"name\":\"sssss\",\"nyye\":\"sss\",\"phone\":\"32\",\"postCode\":\"22\",\"state\":0,\"updateDate\":1488451603000,\"webSite\":\"52\",\"xyd\":\"☆☆☆☆☆\",\"yyzzzch\":\"112\",\"zczj\":\"122\"},{\"address\":\"321\",\"area\":\"北京\",\"createDate\":1453695319000,\"cusManager\":\"小红\",\"dsdjh\":\"321\",\"fax\":\"321\",\"fr\":\"321\",\"gsdjh\":\"3213\",\"id\":16,\"isValid\":1,\"khno\":\"KH20150526073022\",\"khyh\":\"321\",\"khzh\":\"321\",\"level\":\"大客户\",\"myd\":\"☆\",\"name\":\"风驰科技\",\"nyye\":\"21\",\"phone\":\"321\",\"postCode\":\"21\",\"state\":2,\"updateDate\":1502268330000,\"webSite\":\"321\",\"xyd\":\"☆\",\"yyzzzch\":\"321\",\"zczj\":\"\"}]}');
INSERT INTO `t_log` VALUES (162, '客户信息管理-删除', 'public com.shsxt.crm.base.ResultInfo com.shsxt.crm.controller.CustomerController.delete(java.lang.String)', '0', '0:0:0:0:0:0:0:1', NULL, NULL, '{\"ids\":[\"39,38\"]}', '2017-08-18 17:03:39', 7, 'shsxt', '{\"result\":\"删除成功\",\"resultCode\":1,\"resultMessage\":\"操作成功。\"}');
INSERT INTO `t_log` VALUES (163, '客户信息管理-分页查询', 'public java.util.Map com.shsxt.crm.controller.CustomerController.selectForPage(com.shsxt.crm.dto.CustomerQuery)', '0', '0:0:0:0:0:0:0:1', NULL, NULL, '{\"page\":[\"1\"],\"rows\":[\"10\"]}', '2017-08-18 17:03:40', 6, 'shsxt', '{\"total\":9,\"rows\":[{\"address\":\"荣乐中路2369弄42号\",\"area\":\"上海\",\"createDate\":1503046535000,\"cusManager\":\"小明\",\"dsdjh\":\"324234\",\"fax\":\"021-89898989\",\"fr\":\"李林\",\"gsdjh\":\"234234\",\"id\":37,\"isValid\":1,\"khno\":\"KH2017-08-18175\",\"khyh\":\"中国银行\",\"khzh\":\"12345677898990000\",\"level\":\"不小的客户1\",\"myd\":\"☆☆☆☆☆\",\"name\":\"尚学堂\",\"nyye\":\"10000000000\",\"phone\":\"13888888888\",\"postCode\":\"200000\",\"state\":0,\"updateDate\":1503046535000,\"webSite\":\"www.shsxt.com\",\"xyd\":\"☆☆☆☆☆\",\"yyzzzch\":\"420103000057404\",\"zczj\":\"1000\"},{\"address\":\"浦东张江高科1号\",\"area\":\"北京\",\"createDate\":1499065424000,\"cusManager\":\"admin1\",\"dsdjh\":\"3242342423\",\"fax\":\"021-89898989\",\"fr\":\"赵老师\",\"gsdjh\":\"234234234\",\"id\":36,\"isValid\":1,\"khno\":\"KH20170703150344713\",\"khyh\":\"中国银行\",\"khzh\":\"89890100001010103947\",\"level\":\"普通客户\",\"myd\":\"☆\",\"name\":\"上海尚学堂浦东校区1\",\"nyye\":\"1\",\"phone\":\"13644443333\",\"postCode\":\"100027\",\"state\":0,\"updateDate\":1499065424000,\"webSite\":\"www.shsxt.com\",\"xyd\":\"☆☆☆☆☆\",\"yyzzzch\":\"420103000057404\",\"zczj\":\"10000000\"},{\"address\":\"浦东张江高科1号11\",\"area\":\"上海\",\"createDate\":1499064974000,\"cusManager\":\"小明\",\"dsdjh\":\"3242342423\",\"fax\":\"021-89898989\",\"fr\":\"廖老师\",\"gsdjh\":\"234234234\",\"id\":35,\"isValid\":1,\"khno\":\"KH20170703145613140\",\"khyh\":\"中国银行\",\"khzh\":\"89890100001010103947\",\"level\":\"重点开发客户\",\"myd\":\"☆\",\"name\":\"上海尚学堂浦东校区\",\"nyye\":\"1\",\"phone\":\"13644443333\",\"postCode\":\"100027\",\"state\":0,\"updateDate\":1499065515000,\"webSite\":\"www.shsxt.com\",\"xyd\":\"☆☆☆☆☆\",\"yyzzzch\":\"420103000057404\",\"zczj\":\"10000000\"},{\"address\":\"浦东新区\",\"area\":\"上海\",\"createDate\":1482827301000,\"cusManager\":\"zs\",\"dsdjh\":\"1000\",\"fax\":\"sxt@sxt.cn\",\"fr\":\"老裴\",\"gsdjh\":\"10000\",\"id\":34,\"isValid\":1,\"khno\":\"KH201612271628316\",\"khyh\":\"工商\",\"khzh\":\"100100000\",\"level\":\"战略合作伙伴\",\"myd\":\"☆☆☆☆☆\",\"name\":\"浦西尚学堂\",\"nyye\":\"22\",\"phone\":\"1001111\",\"postCode\":\"100100\",\"state\":0,\"updateDate\":1488431897000,\"webSite\":\"www.shsxt.com\",\"xyd\":\"☆☆☆☆☆\",\"yyzzzch\":\"1001000\",\"zczj\":\"100\"},{\"address\":\"1111fsdf\",\"area\":\"上海\",\"createDate\":1451639356000,\"cusManager\":\"小红\",\"dsdjh\":\"4535213212\",\"fax\":\"111\",\"fr\":\"老宋\",\"gsdjh\":\"中国\",\"id\":30,\"isValid\":1,\"khno\":\"KH201609011709179\",\"khyh\":\"中国银行\",\"khzh\":\"6225231243641\",\"level\":\"大客户\",\"myd\":\"☆\",\"name\":\"天猫11\",\"nyye\":\"1000000\",\"phone\":\"11111\",\"postCode\":\"200233\",\"state\":1,\"updateDate\":1499161947000,\"webSite\":\"111\",\"xyd\":\"☆☆☆\",\"yyzzzch\":\"11\",\"zczj\":\"1000\"},{\"address\":\"上海市徐汇区虹梅路153\",\"area\":\"北京\",\"createDate\":1472034590000,\"cusManager\":\"小明\",\"dsdjh\":\"4535213212\",\"fax\":\"134\",\"fr\":\"老王\",\"gsdjh\":\"中国\",\"id\":29,\"isValid\":1,\"khno\":\"KH201608241829510\",\"khyh\":\"中国银行\",\"khzh\":\"123456456\",\"level\":\"重点开发客户\",\"myd\":\"☆☆☆☆☆\",\"name\":\"上海聪享科技1\",\"nyye\":\"10000\",\"phone\":\"13666666666\",\"postCode\":\"200233\",\"state\":0,\"updateDate\":1472035571000,\"webSite\":\"www.shsxt.com\",\"xyd\":\"☆\",\"yyzzzch\":\"13344\",\"zczj\":\"100\"},{\"address\":\"62\",\"area\":\"上海\",\"createDate\":1477368939000,\"cusManager\":\"小张\",\"dsdjh\":\"132\",\"fax\":\"42\",\"fr\":\"7777\",\"gsdjh\":\"142\",\"id\":28,\"isValid\":1,\"khno\":\"KH20150729090910\",\"khyh\":\"102\",\"khzh\":\"1111\",\"level\":\"战略合作伙伴\",\"myd\":\"☆☆☆☆☆\",\"name\":\"sssss\",\"nyye\":\"sss\",\"phone\":\"32\",\"postCode\":\"22\",\"state\":0,\"updateDate\":1488451603000,\"webSite\":\"52\",\"xyd\":\"☆☆☆☆☆\",\"yyzzzch\":\"112\",\"zczj\":\"122\"},{\"address\":\"321\",\"area\":\"北京\",\"createDate\":1453695319000,\"cusManager\":\"小红\",\"dsdjh\":\"321\",\"fax\":\"321\",\"fr\":\"321\",\"gsdjh\":\"3213\",\"id\":16,\"isValid\":1,\"khno\":\"KH20150526073022\",\"khyh\":\"321\",\"khzh\":\"321\",\"level\":\"大客户\",\"myd\":\"☆\",\"name\":\"风驰科技\",\"nyye\":\"21\",\"phone\":\"321\",\"postCode\":\"21\",\"state\":2,\"updateDate\":1502268330000,\"webSite\":\"321\",\"xyd\":\"☆\",\"yyzzzch\":\"321\",\"zczj\":\"\"},{\"address\":\"北京海淀区双榆树东里15号\",\"area\":\"北京\",\"createDate\":1456370923000,\"cusManager\":\"小张\",\"dsdjh\":\"4422214321321\",\"fax\":\"010-62263393\",\"fr\":\"张三\",\"gsdjh\":\"4104322332\",\"id\":1,\"isValid\":1,\"khno\":\"KH21321321\",\"khyh\":\"中国银行\",\"khzh\":\"6225231243641\",\"level\":\"战略合作伙伴\",\"myd\":\"☆☆☆\",\"name\":\"北京大牛科技\",\"nyye\":\"1111\",\"phone\":\"010-62263393\",\"postCode\":\"100027\",\"state\":1,\"updateDate\":1488438414000,\"webSite\":\"www.daniu.com\",\"xyd\":\"☆☆☆\",\"yyzzzch\":\"420103000057404\",\"zczj\":\"1000\"}]}');
INSERT INTO `t_log` VALUES (164, '客户信息管理', 'public java.lang.String com.shsxt.crm.controller.CustomerController.index()', '0', '0:0:0:0:0:0:0:1', NULL, NULL, '{}', '2017-08-18 17:04:11', 0, 'shsxt', '\"customer\"');
INSERT INTO `t_log` VALUES (165, '客户信息管理-分页查询', 'public java.util.Map com.shsxt.crm.controller.CustomerController.selectForPage(com.shsxt.crm.dto.CustomerQuery)', '0', '0:0:0:0:0:0:0:1', NULL, NULL, '{\"page\":[\"1\"],\"rows\":[\"10\"]}', '2017-08-18 17:04:12', 4, 'shsxt', '{\"total\":11,\"rows\":[{\"address\":\"浦东张江高科1号\",\"area\":\"上海\",\"createDate\":1503046805000,\"cusManager\":\"admin1\",\"dsdjh\":\"22\",\"fax\":\"021-89898989\",\"fr\":\"郑昊\",\"gsdjh\":\"22\",\"id\":39,\"isValid\":1,\"khno\":\"KH20170818170004820\",\"khyh\":\"农业银行\",\"khzh\":\"257687888\",\"level\":\"不小的客户1\",\"myd\":\"☆\",\"name\":\"尚学堂-郑昊\",\"nyye\":\"1\",\"phone\":\"13644443333\",\"postCode\":\"200000\",\"state\":0,\"updateDate\":1503047018000,\"webSite\":\"www.shsxt.com\",\"xyd\":\"☆\",\"yyzzzch\":\"420103000057404\",\"zczj\":\"12000\"},{\"address\":\"荣乐中路2369弄42号\",\"area\":\"上海\",\"createDate\":1503046645000,\"cusManager\":\"小明\",\"dsdjh\":\"324234\",\"fax\":\"021-89898989\",\"fr\":\"李林\",\"gsdjh\":\"234234\",\"id\":38,\"isValid\":1,\"khno\":\"KH2017-08-18205\",\"khyh\":\"中国银行\",\"khzh\":\"12345677898990000\",\"level\":\"不小的客户1\",\"myd\":\"☆☆☆☆☆\",\"name\":\"尚学堂-李林学院\",\"nyye\":\"10000000000\",\"phone\":\"13888888888\",\"postCode\":\"200000\",\"state\":0,\"updateDate\":1503047018000,\"webSite\":\"www.shsxt.com\",\"xyd\":\"☆☆☆☆☆\",\"yyzzzch\":\"420103000057404\",\"zczj\":\"1000\"},{\"address\":\"荣乐中路2369弄42号\",\"area\":\"上海\",\"createDate\":1503046535000,\"cusManager\":\"小明\",\"dsdjh\":\"324234\",\"fax\":\"021-89898989\",\"fr\":\"李林\",\"gsdjh\":\"234234\",\"id\":37,\"isValid\":1,\"khno\":\"KH2017-08-18175\",\"khyh\":\"中国银行\",\"khzh\":\"12345677898990000\",\"level\":\"不小的客户1\",\"myd\":\"☆☆☆☆☆\",\"name\":\"尚学堂\",\"nyye\":\"10000000000\",\"phone\":\"13888888888\",\"postCode\":\"200000\",\"state\":0,\"updateDate\":1503046535000,\"webSite\":\"www.shsxt.com\",\"xyd\":\"☆☆☆☆☆\",\"yyzzzch\":\"420103000057404\",\"zczj\":\"1000\"},{\"address\":\"浦东张江高科1号\",\"area\":\"北京\",\"createDate\":1499065424000,\"cusManager\":\"admin1\",\"dsdjh\":\"3242342423\",\"fax\":\"021-89898989\",\"fr\":\"赵老师\",\"gsdjh\":\"234234234\",\"id\":36,\"isValid\":1,\"khno\":\"KH20170703150344713\",\"khyh\":\"中国银行\",\"khzh\":\"89890100001010103947\",\"level\":\"普通客户\",\"myd\":\"☆\",\"name\":\"上海尚学堂浦东校区1\",\"nyye\":\"1\",\"phone\":\"13644443333\",\"postCode\":\"100027\",\"state\":0,\"updateDate\":1499065424000,\"webSite\":\"www.shsxt.com\",\"xyd\":\"☆☆☆☆☆\",\"yyzzzch\":\"420103000057404\",\"zczj\":\"10000000\"},{\"address\":\"浦东张江高科1号11\",\"area\":\"上海\",\"createDate\":1499064974000,\"cusManager\":\"小明\",\"dsdjh\":\"3242342423\",\"fax\":\"021-89898989\",\"fr\":\"廖老师\",\"gsdjh\":\"234234234\",\"id\":35,\"isValid\":1,\"khno\":\"KH20170703145613140\",\"khyh\":\"中国银行\",\"khzh\":\"89890100001010103947\",\"level\":\"重点开发客户\",\"myd\":\"☆\",\"name\":\"上海尚学堂浦东校区\",\"nyye\":\"1\",\"phone\":\"13644443333\",\"postCode\":\"100027\",\"state\":0,\"updateDate\":1499065515000,\"webSite\":\"www.shsxt.com\",\"xyd\":\"☆☆☆☆☆\",\"yyzzzch\":\"420103000057404\",\"zczj\":\"10000000\"},{\"address\":\"浦东新区\",\"area\":\"上海\",\"createDate\":1482827301000,\"cusManager\":\"zs\",\"dsdjh\":\"1000\",\"fax\":\"sxt@sxt.cn\",\"fr\":\"老裴\",\"gsdjh\":\"10000\",\"id\":34,\"isValid\":1,\"khno\":\"KH201612271628316\",\"khyh\":\"工商\",\"khzh\":\"100100000\",\"level\":\"战略合作伙伴\",\"myd\":\"☆☆☆☆☆\",\"name\":\"浦西尚学堂\",\"nyye\":\"22\",\"phone\":\"1001111\",\"postCode\":\"100100\",\"state\":0,\"updateDate\":1488431897000,\"webSite\":\"www.shsxt.com\",\"xyd\":\"☆☆☆☆☆\",\"yyzzzch\":\"1001000\",\"zczj\":\"100\"},{\"address\":\"1111fsdf\",\"area\":\"上海\",\"createDate\":1451639356000,\"cusManager\":\"小红\",\"dsdjh\":\"4535213212\",\"fax\":\"111\",\"fr\":\"老宋\",\"gsdjh\":\"中国\",\"id\":30,\"isValid\":1,\"khno\":\"KH201609011709179\",\"khyh\":\"中国银行\",\"khzh\":\"6225231243641\",\"level\":\"大客户\",\"myd\":\"☆\",\"name\":\"天猫11\",\"nyye\":\"1000000\",\"phone\":\"11111\",\"postCode\":\"200233\",\"state\":1,\"updateDate\":1499161947000,\"webSite\":\"111\",\"xyd\":\"☆☆☆\",\"yyzzzch\":\"11\",\"zczj\":\"1000\"},{\"address\":\"上海市徐汇区虹梅路153\",\"area\":\"北京\",\"createDate\":1472034590000,\"cusManager\":\"小明\",\"dsdjh\":\"4535213212\",\"fax\":\"134\",\"fr\":\"老王\",\"gsdjh\":\"中国\",\"id\":29,\"isValid\":1,\"khno\":\"KH201608241829510\",\"khyh\":\"中国银行\",\"khzh\":\"123456456\",\"level\":\"重点开发客户\",\"myd\":\"☆☆☆☆☆\",\"name\":\"上海聪享科技1\",\"nyye\":\"10000\",\"phone\":\"13666666666\",\"postCode\":\"200233\",\"state\":0,\"updateDate\":1472035571000,\"webSite\":\"www.shsxt.com\",\"xyd\":\"☆\",\"yyzzzch\":\"13344\",\"zczj\":\"100\"},{\"address\":\"62\",\"area\":\"上海\",\"createDate\":1477368939000,\"cusManager\":\"小张\",\"dsdjh\":\"132\",\"fax\":\"42\",\"fr\":\"7777\",\"gsdjh\":\"142\",\"id\":28,\"isValid\":1,\"khno\":\"KH20150729090910\",\"khyh\":\"102\",\"khzh\":\"1111\",\"level\":\"战略合作伙伴\",\"myd\":\"☆☆☆☆☆\",\"name\":\"sssss\",\"nyye\":\"sss\",\"phone\":\"32\",\"postCode\":\"22\",\"state\":0,\"updateDate\":1488451603000,\"webSite\":\"52\",\"xyd\":\"☆☆☆☆☆\",\"yyzzzch\":\"112\",\"zczj\":\"122\"},{\"address\":\"321\",\"area\":\"北京\",\"createDate\":1453695319000,\"cusManager\":\"小红\",\"dsdjh\":\"321\",\"fax\":\"321\",\"fr\":\"321\",\"gsdjh\":\"3213\",\"id\":16,\"isValid\":1,\"khno\":\"KH20150526073022\",\"khyh\":\"321\",\"khzh\":\"321\",\"level\":\"大客户\",\"myd\":\"☆\",\"name\":\"风驰科技\",\"nyye\":\"21\",\"phone\":\"321\",\"postCode\":\"21\",\"state\":2,\"updateDate\":1502268330000,\"webSite\":\"321\",\"xyd\":\"☆\",\"yyzzzch\":\"321\",\"zczj\":\"\"}]}');
INSERT INTO `t_log` VALUES (166, '客户信息管理-删除', 'public com.shsxt.crm.base.ResultInfo com.shsxt.crm.controller.CustomerController.delete(java.lang.String)', '0', '0:0:0:0:0:0:0:1', NULL, NULL, '{\"ids\":[\"37\"]}', '2017-08-18 17:04:15', 4, 'shsxt', '{\"result\":\"删除成功\",\"resultCode\":1,\"resultMessage\":\"操作成功。\"}');
INSERT INTO `t_log` VALUES (167, '客户信息管理-分页查询', 'public java.util.Map com.shsxt.crm.controller.CustomerController.selectForPage(com.shsxt.crm.dto.CustomerQuery)', '0', '0:0:0:0:0:0:0:1', NULL, NULL, '{\"page\":[\"1\"],\"rows\":[\"10\"]}', '2017-08-18 17:04:17', 4, 'shsxt', '{\"total\":10,\"rows\":[{\"address\":\"浦东张江高科1号\",\"area\":\"上海\",\"createDate\":1503046805000,\"cusManager\":\"admin1\",\"dsdjh\":\"22\",\"fax\":\"021-89898989\",\"fr\":\"郑昊\",\"gsdjh\":\"22\",\"id\":39,\"isValid\":1,\"khno\":\"KH20170818170004820\",\"khyh\":\"农业银行\",\"khzh\":\"257687888\",\"level\":\"不小的客户1\",\"myd\":\"☆\",\"name\":\"尚学堂-郑昊\",\"nyye\":\"1\",\"phone\":\"13644443333\",\"postCode\":\"200000\",\"state\":0,\"updateDate\":1503047018000,\"webSite\":\"www.shsxt.com\",\"xyd\":\"☆\",\"yyzzzch\":\"420103000057404\",\"zczj\":\"12000\"},{\"address\":\"荣乐中路2369弄42号\",\"area\":\"上海\",\"createDate\":1503046645000,\"cusManager\":\"小明\",\"dsdjh\":\"324234\",\"fax\":\"021-89898989\",\"fr\":\"李林\",\"gsdjh\":\"234234\",\"id\":38,\"isValid\":1,\"khno\":\"KH2017-08-18205\",\"khyh\":\"中国银行\",\"khzh\":\"12345677898990000\",\"level\":\"不小的客户1\",\"myd\":\"☆☆☆☆☆\",\"name\":\"尚学堂-李林学院\",\"nyye\":\"10000000000\",\"phone\":\"13888888888\",\"postCode\":\"200000\",\"state\":0,\"updateDate\":1503047018000,\"webSite\":\"www.shsxt.com\",\"xyd\":\"☆☆☆☆☆\",\"yyzzzch\":\"420103000057404\",\"zczj\":\"1000\"},{\"address\":\"浦东张江高科1号\",\"area\":\"北京\",\"createDate\":1499065424000,\"cusManager\":\"admin1\",\"dsdjh\":\"3242342423\",\"fax\":\"021-89898989\",\"fr\":\"赵老师\",\"gsdjh\":\"234234234\",\"id\":36,\"isValid\":1,\"khno\":\"KH20170703150344713\",\"khyh\":\"中国银行\",\"khzh\":\"89890100001010103947\",\"level\":\"普通客户\",\"myd\":\"☆\",\"name\":\"上海尚学堂浦东校区1\",\"nyye\":\"1\",\"phone\":\"13644443333\",\"postCode\":\"100027\",\"state\":0,\"updateDate\":1499065424000,\"webSite\":\"www.shsxt.com\",\"xyd\":\"☆☆☆☆☆\",\"yyzzzch\":\"420103000057404\",\"zczj\":\"10000000\"},{\"address\":\"浦东张江高科1号11\",\"area\":\"上海\",\"createDate\":1499064974000,\"cusManager\":\"小明\",\"dsdjh\":\"3242342423\",\"fax\":\"021-89898989\",\"fr\":\"廖老师\",\"gsdjh\":\"234234234\",\"id\":35,\"isValid\":1,\"khno\":\"KH20170703145613140\",\"khyh\":\"中国银行\",\"khzh\":\"89890100001010103947\",\"level\":\"重点开发客户\",\"myd\":\"☆\",\"name\":\"上海尚学堂浦东校区\",\"nyye\":\"1\",\"phone\":\"13644443333\",\"postCode\":\"100027\",\"state\":0,\"updateDate\":1499065515000,\"webSite\":\"www.shsxt.com\",\"xyd\":\"☆☆☆☆☆\",\"yyzzzch\":\"420103000057404\",\"zczj\":\"10000000\"},{\"address\":\"浦东新区\",\"area\":\"上海\",\"createDate\":1482827301000,\"cusManager\":\"zs\",\"dsdjh\":\"1000\",\"fax\":\"sxt@sxt.cn\",\"fr\":\"老裴\",\"gsdjh\":\"10000\",\"id\":34,\"isValid\":1,\"khno\":\"KH201612271628316\",\"khyh\":\"工商\",\"khzh\":\"100100000\",\"level\":\"战略合作伙伴\",\"myd\":\"☆☆☆☆☆\",\"name\":\"浦西尚学堂\",\"nyye\":\"22\",\"phone\":\"1001111\",\"postCode\":\"100100\",\"state\":0,\"updateDate\":1488431897000,\"webSite\":\"www.shsxt.com\",\"xyd\":\"☆☆☆☆☆\",\"yyzzzch\":\"1001000\",\"zczj\":\"100\"},{\"address\":\"1111fsdf\",\"area\":\"上海\",\"createDate\":1451639356000,\"cusManager\":\"小红\",\"dsdjh\":\"4535213212\",\"fax\":\"111\",\"fr\":\"老宋\",\"gsdjh\":\"中国\",\"id\":30,\"isValid\":1,\"khno\":\"KH201609011709179\",\"khyh\":\"中国银行\",\"khzh\":\"6225231243641\",\"level\":\"大客户\",\"myd\":\"☆\",\"name\":\"天猫11\",\"nyye\":\"1000000\",\"phone\":\"11111\",\"postCode\":\"200233\",\"state\":1,\"updateDate\":1499161947000,\"webSite\":\"111\",\"xyd\":\"☆☆☆\",\"yyzzzch\":\"11\",\"zczj\":\"1000\"},{\"address\":\"上海市徐汇区虹梅路153\",\"area\":\"北京\",\"createDate\":1472034590000,\"cusManager\":\"小明\",\"dsdjh\":\"4535213212\",\"fax\":\"134\",\"fr\":\"老王\",\"gsdjh\":\"中国\",\"id\":29,\"isValid\":1,\"khno\":\"KH201608241829510\",\"khyh\":\"中国银行\",\"khzh\":\"123456456\",\"level\":\"重点开发客户\",\"myd\":\"☆☆☆☆☆\",\"name\":\"上海聪享科技1\",\"nyye\":\"10000\",\"phone\":\"13666666666\",\"postCode\":\"200233\",\"state\":0,\"updateDate\":1472035571000,\"webSite\":\"www.shsxt.com\",\"xyd\":\"☆\",\"yyzzzch\":\"13344\",\"zczj\":\"100\"},{\"address\":\"62\",\"area\":\"上海\",\"createDate\":1477368939000,\"cusManager\":\"小张\",\"dsdjh\":\"132\",\"fax\":\"42\",\"fr\":\"7777\",\"gsdjh\":\"142\",\"id\":28,\"isValid\":1,\"khno\":\"KH20150729090910\",\"khyh\":\"102\",\"khzh\":\"1111\",\"level\":\"战略合作伙伴\",\"myd\":\"☆☆☆☆☆\",\"name\":\"sssss\",\"nyye\":\"sss\",\"phone\":\"32\",\"postCode\":\"22\",\"state\":0,\"updateDate\":1488451603000,\"webSite\":\"52\",\"xyd\":\"☆☆☆☆☆\",\"yyzzzch\":\"112\",\"zczj\":\"122\"},{\"address\":\"321\",\"area\":\"北京\",\"createDate\":1453695319000,\"cusManager\":\"小红\",\"dsdjh\":\"321\",\"fax\":\"321\",\"fr\":\"321\",\"gsdjh\":\"3213\",\"id\":16,\"isValid\":1,\"khno\":\"KH20150526073022\",\"khyh\":\"321\",\"khzh\":\"321\",\"level\":\"大客户\",\"myd\":\"☆\",\"name\":\"风驰科技\",\"nyye\":\"21\",\"phone\":\"321\",\"postCode\":\"21\",\"state\":2,\"updateDate\":1502268330000,\"webSite\":\"321\",\"xyd\":\"☆\",\"yyzzzch\":\"321\",\"zczj\":\"\"},{\"address\":\"北京海淀区双榆树东里15号\",\"area\":\"北京\",\"createDate\":1456370923000,\"cusManager\":\"小张\",\"dsdjh\":\"4422214321321\",\"fax\":\"010-62263393\",\"fr\":\"张三\",\"gsdjh\":\"4104322332\",\"id\":1,\"isValid\":1,\"khno\":\"KH21321321\",\"khyh\":\"中国银行\",\"khzh\":\"6225231243641\",\"level\":\"战略合作伙伴\",\"myd\":\"☆☆☆\",\"name\":\"北京大牛科技\",\"nyye\":\"1111\",\"phone\":\"010-62263393\",\"postCode\":\"100027\",\"state\":1,\"updateDate\":1488438414000,\"webSite\":\"www.daniu.com\",\"xyd\":\"☆☆☆\",\"yyzzzch\":\"420103000057404\",\"zczj\":\"1000\"}]}');
INSERT INTO `t_log` VALUES (168, '客户信息管理', 'public java.lang.String com.shsxt.crm.controller.CustomerController.index()', '0', '0:0:0:0:0:0:0:1', NULL, NULL, '{}', '2017-08-19 09:54:07', 6, 'shsxt', '\"customer\"');
INSERT INTO `t_log` VALUES (169, '客户信息管理-分页查询', 'public java.util.Map com.shsxt.crm.controller.CustomerController.selectForPage(com.shsxt.crm.dto.CustomerQuery)', '0', '0:0:0:0:0:0:0:1', NULL, NULL, '{\"page\":[\"1\"],\"rows\":[\"10\"]}', '2017-08-19 09:54:08', 41, 'shsxt', '{\"total\":10,\"rows\":[{\"address\":\"浦东张江高科1号\",\"area\":\"上海\",\"createDate\":1503046805000,\"cusManager\":\"admin1\",\"dsdjh\":\"22\",\"fax\":\"021-89898989\",\"fr\":\"郑昊\",\"gsdjh\":\"22\",\"id\":39,\"isValid\":1,\"khno\":\"KH20170818170004820\",\"khyh\":\"农业银行\",\"khzh\":\"257687888\",\"level\":\"不小的客户1\",\"myd\":\"☆\",\"name\":\"尚学堂-郑昊\",\"nyye\":\"1\",\"phone\":\"13644443333\",\"postCode\":\"200000\",\"state\":0,\"updateDate\":1503047018000,\"webSite\":\"www.shsxt.com\",\"xyd\":\"☆\",\"yyzzzch\":\"420103000057404\",\"zczj\":\"12000\"},{\"address\":\"荣乐中路2369弄42号\",\"area\":\"上海\",\"createDate\":1503046645000,\"cusManager\":\"小明\",\"dsdjh\":\"324234\",\"fax\":\"021-89898989\",\"fr\":\"李林\",\"gsdjh\":\"234234\",\"id\":38,\"isValid\":1,\"khno\":\"KH2017-08-18205\",\"khyh\":\"中国银行\",\"khzh\":\"12345677898990000\",\"level\":\"不小的客户1\",\"myd\":\"☆☆☆☆☆\",\"name\":\"尚学堂-李林学院\",\"nyye\":\"10000000000\",\"phone\":\"13888888888\",\"postCode\":\"200000\",\"state\":0,\"updateDate\":1503047018000,\"webSite\":\"www.shsxt.com\",\"xyd\":\"☆☆☆☆☆\",\"yyzzzch\":\"420103000057404\",\"zczj\":\"1000\"},{\"address\":\"浦东张江高科1号\",\"area\":\"北京\",\"createDate\":1499065424000,\"cusManager\":\"admin1\",\"dsdjh\":\"3242342423\",\"fax\":\"021-89898989\",\"fr\":\"赵老师\",\"gsdjh\":\"234234234\",\"id\":36,\"isValid\":1,\"khno\":\"KH20170703150344713\",\"khyh\":\"中国银行\",\"khzh\":\"89890100001010103947\",\"level\":\"普通客户\",\"myd\":\"☆\",\"name\":\"上海尚学堂浦东校区1\",\"nyye\":\"1\",\"phone\":\"13644443333\",\"postCode\":\"100027\",\"state\":0,\"updateDate\":1499065424000,\"webSite\":\"www.shsxt.com\",\"xyd\":\"☆☆☆☆☆\",\"yyzzzch\":\"420103000057404\",\"zczj\":\"10000000\"},{\"address\":\"浦东张江高科1号11\",\"area\":\"上海\",\"createDate\":1499064974000,\"cusManager\":\"小明\",\"dsdjh\":\"3242342423\",\"fax\":\"021-89898989\",\"fr\":\"廖老师\",\"gsdjh\":\"234234234\",\"id\":35,\"isValid\":1,\"khno\":\"KH20170703145613140\",\"khyh\":\"中国银行\",\"khzh\":\"89890100001010103947\",\"level\":\"重点开发客户\",\"myd\":\"☆\",\"name\":\"上海尚学堂浦东校区\",\"nyye\":\"1\",\"phone\":\"13644443333\",\"postCode\":\"100027\",\"state\":0,\"updateDate\":1499065515000,\"webSite\":\"www.shsxt.com\",\"xyd\":\"☆☆☆☆☆\",\"yyzzzch\":\"420103000057404\",\"zczj\":\"10000000\"},{\"address\":\"浦东新区\",\"area\":\"上海\",\"createDate\":1482827301000,\"cusManager\":\"zs\",\"dsdjh\":\"1000\",\"fax\":\"sxt@sxt.cn\",\"fr\":\"老裴\",\"gsdjh\":\"10000\",\"id\":34,\"isValid\":1,\"khno\":\"KH201612271628316\",\"khyh\":\"工商\",\"khzh\":\"100100000\",\"level\":\"战略合作伙伴\",\"myd\":\"☆☆☆☆☆\",\"name\":\"浦西尚学堂\",\"nyye\":\"22\",\"phone\":\"1001111\",\"postCode\":\"100100\",\"state\":0,\"updateDate\":1488431897000,\"webSite\":\"www.shsxt.com\",\"xyd\":\"☆☆☆☆☆\",\"yyzzzch\":\"1001000\",\"zczj\":\"100\"},{\"address\":\"1111fsdf\",\"area\":\"上海\",\"createDate\":1451639356000,\"cusManager\":\"小红\",\"dsdjh\":\"4535213212\",\"fax\":\"111\",\"fr\":\"老宋\",\"gsdjh\":\"中国\",\"id\":30,\"isValid\":1,\"khno\":\"KH201609011709179\",\"khyh\":\"中国银行\",\"khzh\":\"6225231243641\",\"level\":\"大客户\",\"myd\":\"☆\",\"name\":\"天猫11\",\"nyye\":\"1000000\",\"phone\":\"11111\",\"postCode\":\"200233\",\"state\":1,\"updateDate\":1499161947000,\"webSite\":\"111\",\"xyd\":\"☆☆☆\",\"yyzzzch\":\"11\",\"zczj\":\"1000\"},{\"address\":\"上海市徐汇区虹梅路153\",\"area\":\"北京\",\"createDate\":1472034590000,\"cusManager\":\"小明\",\"dsdjh\":\"4535213212\",\"fax\":\"134\",\"fr\":\"老王\",\"gsdjh\":\"中国\",\"id\":29,\"isValid\":1,\"khno\":\"KH201608241829510\",\"khyh\":\"中国银行\",\"khzh\":\"123456456\",\"level\":\"重点开发客户\",\"myd\":\"☆☆☆☆☆\",\"name\":\"上海聪享科技1\",\"nyye\":\"10000\",\"phone\":\"13666666666\",\"postCode\":\"200233\",\"state\":0,\"updateDate\":1472035571000,\"webSite\":\"www.shsxt.com\",\"xyd\":\"☆\",\"yyzzzch\":\"13344\",\"zczj\":\"100\"},{\"address\":\"62\",\"area\":\"上海\",\"createDate\":1477368939000,\"cusManager\":\"小张\",\"dsdjh\":\"132\",\"fax\":\"42\",\"fr\":\"7777\",\"gsdjh\":\"142\",\"id\":28,\"isValid\":1,\"khno\":\"KH20150729090910\",\"khyh\":\"102\",\"khzh\":\"1111\",\"level\":\"战略合作伙伴\",\"myd\":\"☆☆☆☆☆\",\"name\":\"sssss\",\"nyye\":\"sss\",\"phone\":\"32\",\"postCode\":\"22\",\"state\":0,\"updateDate\":1488451603000,\"webSite\":\"52\",\"xyd\":\"☆☆☆☆☆\",\"yyzzzch\":\"112\",\"zczj\":\"122\"},{\"address\":\"321\",\"area\":\"北京\",\"createDate\":1453695319000,\"cusManager\":\"小红\",\"dsdjh\":\"321\",\"fax\":\"321\",\"fr\":\"321\",\"gsdjh\":\"3213\",\"id\":16,\"isValid\":1,\"khno\":\"KH20150526073022\",\"khyh\":\"321\",\"khzh\":\"321\",\"level\":\"大客户\",\"myd\":\"☆\",\"name\":\"风驰科技\",\"nyye\":\"21\",\"phone\":\"321\",\"postCode\":\"21\",\"state\":2,\"updateDate\":1502268330000,\"webSite\":\"321\",\"xyd\":\"☆\",\"yyzzzch\":\"321\",\"zczj\":\"\"},{\"address\":\"北京海淀区双榆树东里15号\",\"area\":\"北京\",\"createDate\":1456370923000,\"cusManager\":\"小张\",\"dsdjh\":\"4422214321321\",\"fax\":\"010-62263393\",\"fr\":\"张三\",\"gsdjh\":\"4104322332\",\"id\":1,\"isValid\":1,\"khno\":\"KH21321321\",\"khyh\":\"中国银行\",\"khzh\":\"6225231243641\",\"level\":\"战略合作伙伴\",\"myd\":\"☆☆☆\",\"name\":\"北京大牛科技\",\"nyye\":\"1111\",\"phone\":\"010-62263393\",\"postCode\":\"100027\",\"state\":1,\"updateDate\":1488438414000,\"webSite\":\"www.daniu.com\",\"xyd\":\"☆☆☆\",\"yyzzzch\":\"420103000057404\",\"zczj\":\"1000\"}]}');
INSERT INTO `t_log` VALUES (170, '客户信息管理-分页查询', 'public java.util.Map com.shsxt.crm.controller.CustomerController.selectForPage(com.shsxt.crm.dto.CustomerQuery)', '0', '0:0:0:0:0:0:0:1', NULL, NULL, '{\"page\":[\"1\"],\"rows\":[\"10\"]}', '2017-08-19 10:26:43', 9, 'shsxt', '{\"total\":10,\"rows\":[{\"address\":\"浦东张江高科1号\",\"area\":\"上海\",\"createDate\":1503046805000,\"cusManager\":\"admin1\",\"dsdjh\":\"22\",\"fax\":\"021-89898989\",\"fr\":\"郑昊\",\"gsdjh\":\"22\",\"id\":39,\"isValid\":1,\"khno\":\"KH20170818170004820\",\"khyh\":\"农业银行\",\"khzh\":\"257687888\",\"level\":\"不小的客户1\",\"myd\":\"☆\",\"name\":\"尚学堂-郑昊\",\"nyye\":\"1\",\"phone\":\"13644443333\",\"postCode\":\"200000\",\"state\":0,\"updateDate\":1503047018000,\"webSite\":\"www.shsxt.com\",\"xyd\":\"☆\",\"yyzzzch\":\"420103000057404\",\"zczj\":\"12000\"},{\"address\":\"荣乐中路2369弄42号\",\"area\":\"上海\",\"createDate\":1503046645000,\"cusManager\":\"小明\",\"dsdjh\":\"324234\",\"fax\":\"021-89898989\",\"fr\":\"李林\",\"gsdjh\":\"234234\",\"id\":38,\"isValid\":1,\"khno\":\"KH2017-08-18205\",\"khyh\":\"中国银行\",\"khzh\":\"12345677898990000\",\"level\":\"不小的客户1\",\"myd\":\"☆☆☆☆☆\",\"name\":\"尚学堂-李林学院\",\"nyye\":\"10000000000\",\"phone\":\"13888888888\",\"postCode\":\"200000\",\"state\":0,\"updateDate\":1503047018000,\"webSite\":\"www.shsxt.com\",\"xyd\":\"☆☆☆☆☆\",\"yyzzzch\":\"420103000057404\",\"zczj\":\"1000\"},{\"address\":\"浦东张江高科1号\",\"area\":\"北京\",\"createDate\":1499065424000,\"cusManager\":\"admin1\",\"dsdjh\":\"3242342423\",\"fax\":\"021-89898989\",\"fr\":\"赵老师\",\"gsdjh\":\"234234234\",\"id\":36,\"isValid\":1,\"khno\":\"KH20170703150344713\",\"khyh\":\"中国银行\",\"khzh\":\"89890100001010103947\",\"level\":\"普通客户\",\"myd\":\"☆\",\"name\":\"上海尚学堂浦东校区1\",\"nyye\":\"1\",\"phone\":\"13644443333\",\"postCode\":\"100027\",\"state\":0,\"updateDate\":1499065424000,\"webSite\":\"www.shsxt.com\",\"xyd\":\"☆☆☆☆☆\",\"yyzzzch\":\"420103000057404\",\"zczj\":\"10000000\"},{\"address\":\"浦东张江高科1号11\",\"area\":\"上海\",\"createDate\":1499064974000,\"cusManager\":\"小明\",\"dsdjh\":\"3242342423\",\"fax\":\"021-89898989\",\"fr\":\"廖老师\",\"gsdjh\":\"234234234\",\"id\":35,\"isValid\":1,\"khno\":\"KH20170703145613140\",\"khyh\":\"中国银行\",\"khzh\":\"89890100001010103947\",\"level\":\"重点开发客户\",\"myd\":\"☆\",\"name\":\"上海尚学堂浦东校区\",\"nyye\":\"1\",\"phone\":\"13644443333\",\"postCode\":\"100027\",\"state\":0,\"updateDate\":1499065515000,\"webSite\":\"www.shsxt.com\",\"xyd\":\"☆☆☆☆☆\",\"yyzzzch\":\"420103000057404\",\"zczj\":\"10000000\"},{\"address\":\"浦东新区\",\"area\":\"上海\",\"createDate\":1482827301000,\"cusManager\":\"zs\",\"dsdjh\":\"1000\",\"fax\":\"sxt@sxt.cn\",\"fr\":\"老裴\",\"gsdjh\":\"10000\",\"id\":34,\"isValid\":1,\"khno\":\"KH201612271628316\",\"khyh\":\"工商\",\"khzh\":\"100100000\",\"level\":\"战略合作伙伴\",\"myd\":\"☆☆☆☆☆\",\"name\":\"浦西尚学堂\",\"nyye\":\"22\",\"phone\":\"1001111\",\"postCode\":\"100100\",\"state\":0,\"updateDate\":1488431897000,\"webSite\":\"www.shsxt.com\",\"xyd\":\"☆☆☆☆☆\",\"yyzzzch\":\"1001000\",\"zczj\":\"100\"},{\"address\":\"1111fsdf\",\"area\":\"上海\",\"createDate\":1451639356000,\"cusManager\":\"小红\",\"dsdjh\":\"4535213212\",\"fax\":\"111\",\"fr\":\"老宋\",\"gsdjh\":\"中国\",\"id\":30,\"isValid\":1,\"khno\":\"KH201609011709179\",\"khyh\":\"中国银行\",\"khzh\":\"6225231243641\",\"level\":\"大客户\",\"myd\":\"☆\",\"name\":\"天猫11\",\"nyye\":\"1000000\",\"phone\":\"11111\",\"postCode\":\"200233\",\"state\":1,\"updateDate\":1499161947000,\"webSite\":\"111\",\"xyd\":\"☆☆☆\",\"yyzzzch\":\"11\",\"zczj\":\"1000\"},{\"address\":\"上海市徐汇区虹梅路153\",\"area\":\"北京\",\"createDate\":1472034590000,\"cusManager\":\"小明\",\"dsdjh\":\"4535213212\",\"fax\":\"134\",\"fr\":\"老王\",\"gsdjh\":\"中国\",\"id\":29,\"isValid\":1,\"khno\":\"KH201608241829510\",\"khyh\":\"中国银行\",\"khzh\":\"123456456\",\"level\":\"重点开发客户\",\"myd\":\"☆☆☆☆☆\",\"name\":\"上海聪享科技1\",\"nyye\":\"10000\",\"phone\":\"13666666666\",\"postCode\":\"200233\",\"state\":0,\"updateDate\":1472035571000,\"webSite\":\"www.shsxt.com\",\"xyd\":\"☆\",\"yyzzzch\":\"13344\",\"zczj\":\"100\"},{\"address\":\"62\",\"area\":\"上海\",\"createDate\":1477368939000,\"cusManager\":\"小张\",\"dsdjh\":\"132\",\"fax\":\"42\",\"fr\":\"7777\",\"gsdjh\":\"142\",\"id\":28,\"isValid\":1,\"khno\":\"KH20150729090910\",\"khyh\":\"102\",\"khzh\":\"1111\",\"level\":\"战略合作伙伴\",\"myd\":\"☆☆☆☆☆\",\"name\":\"sssss\",\"nyye\":\"sss\",\"phone\":\"32\",\"postCode\":\"22\",\"state\":0,\"updateDate\":1488451603000,\"webSite\":\"52\",\"xyd\":\"☆☆☆☆☆\",\"yyzzzch\":\"112\",\"zczj\":\"122\"},{\"address\":\"321\",\"area\":\"北京\",\"createDate\":1453695319000,\"cusManager\":\"小红\",\"dsdjh\":\"321\",\"fax\":\"321\",\"fr\":\"321\",\"gsdjh\":\"3213\",\"id\":16,\"isValid\":1,\"khno\":\"KH20150526073022\",\"khyh\":\"321\",\"khzh\":\"321\",\"level\":\"大客户\",\"myd\":\"☆\",\"name\":\"风驰科技\",\"nyye\":\"21\",\"phone\":\"321\",\"postCode\":\"21\",\"state\":2,\"updateDate\":1502268330000,\"webSite\":\"321\",\"xyd\":\"☆\",\"yyzzzch\":\"321\",\"zczj\":\"\"},{\"address\":\"北京海淀区双榆树东里15号\",\"area\":\"北京\",\"createDate\":1456370923000,\"cusManager\":\"小张\",\"dsdjh\":\"4422214321321\",\"fax\":\"010-62263393\",\"fr\":\"张三\",\"gsdjh\":\"4104322332\",\"id\":1,\"isValid\":1,\"khno\":\"KH21321321\",\"khyh\":\"中国银行\",\"khzh\":\"6225231243641\",\"level\":\"战略合作伙伴\",\"myd\":\"☆☆☆\",\"name\":\"北京大牛科技\",\"nyye\":\"1111\",\"phone\":\"010-62263393\",\"postCode\":\"100027\",\"state\":1,\"updateDate\":1488438414000,\"webSite\":\"www.daniu.com\",\"xyd\":\"☆☆☆\",\"yyzzzch\":\"420103000057404\",\"zczj\":\"1000\"}]}');
INSERT INTO `t_log` VALUES (171, '客户信息管理-分页查询', 'public java.util.Map com.shsxt.crm.controller.CustomerController.selectForPage(com.shsxt.crm.dto.CustomerQuery)', '0', '0:0:0:0:0:0:0:1', NULL, NULL, '{\"page\":[\"1\"],\"rows\":[\"10\"]}', '2017-08-19 10:26:44', 6, 'shsxt', '{\"total\":10,\"rows\":[{\"address\":\"浦东张江高科1号\",\"area\":\"上海\",\"createDate\":1503046805000,\"cusManager\":\"admin1\",\"dsdjh\":\"22\",\"fax\":\"021-89898989\",\"fr\":\"郑昊\",\"gsdjh\":\"22\",\"id\":39,\"isValid\":1,\"khno\":\"KH20170818170004820\",\"khyh\":\"农业银行\",\"khzh\":\"257687888\",\"level\":\"不小的客户1\",\"myd\":\"☆\",\"name\":\"尚学堂-郑昊\",\"nyye\":\"1\",\"phone\":\"13644443333\",\"postCode\":\"200000\",\"state\":0,\"updateDate\":1503047018000,\"webSite\":\"www.shsxt.com\",\"xyd\":\"☆\",\"yyzzzch\":\"420103000057404\",\"zczj\":\"12000\"},{\"address\":\"荣乐中路2369弄42号\",\"area\":\"上海\",\"createDate\":1503046645000,\"cusManager\":\"小明\",\"dsdjh\":\"324234\",\"fax\":\"021-89898989\",\"fr\":\"李林\",\"gsdjh\":\"234234\",\"id\":38,\"isValid\":1,\"khno\":\"KH2017-08-18205\",\"khyh\":\"中国银行\",\"khzh\":\"12345677898990000\",\"level\":\"不小的客户1\",\"myd\":\"☆☆☆☆☆\",\"name\":\"尚学堂-李林学院\",\"nyye\":\"10000000000\",\"phone\":\"13888888888\",\"postCode\":\"200000\",\"state\":0,\"updateDate\":1503047018000,\"webSite\":\"www.shsxt.com\",\"xyd\":\"☆☆☆☆☆\",\"yyzzzch\":\"420103000057404\",\"zczj\":\"1000\"},{\"address\":\"浦东张江高科1号\",\"area\":\"北京\",\"createDate\":1499065424000,\"cusManager\":\"admin1\",\"dsdjh\":\"3242342423\",\"fax\":\"021-89898989\",\"fr\":\"赵老师\",\"gsdjh\":\"234234234\",\"id\":36,\"isValid\":1,\"khno\":\"KH20170703150344713\",\"khyh\":\"中国银行\",\"khzh\":\"89890100001010103947\",\"level\":\"普通客户\",\"myd\":\"☆\",\"name\":\"上海尚学堂浦东校区1\",\"nyye\":\"1\",\"phone\":\"13644443333\",\"postCode\":\"100027\",\"state\":0,\"updateDate\":1499065424000,\"webSite\":\"www.shsxt.com\",\"xyd\":\"☆☆☆☆☆\",\"yyzzzch\":\"420103000057404\",\"zczj\":\"10000000\"},{\"address\":\"浦东张江高科1号11\",\"area\":\"上海\",\"createDate\":1499064974000,\"cusManager\":\"小明\",\"dsdjh\":\"3242342423\",\"fax\":\"021-89898989\",\"fr\":\"廖老师\",\"gsdjh\":\"234234234\",\"id\":35,\"isValid\":1,\"khno\":\"KH20170703145613140\",\"khyh\":\"中国银行\",\"khzh\":\"89890100001010103947\",\"level\":\"重点开发客户\",\"myd\":\"☆\",\"name\":\"上海尚学堂浦东校区\",\"nyye\":\"1\",\"phone\":\"13644443333\",\"postCode\":\"100027\",\"state\":0,\"updateDate\":1499065515000,\"webSite\":\"www.shsxt.com\",\"xyd\":\"☆☆☆☆☆\",\"yyzzzch\":\"420103000057404\",\"zczj\":\"10000000\"},{\"address\":\"浦东新区\",\"area\":\"上海\",\"createDate\":1482827301000,\"cusManager\":\"zs\",\"dsdjh\":\"1000\",\"fax\":\"sxt@sxt.cn\",\"fr\":\"老裴\",\"gsdjh\":\"10000\",\"id\":34,\"isValid\":1,\"khno\":\"KH201612271628316\",\"khyh\":\"工商\",\"khzh\":\"100100000\",\"level\":\"战略合作伙伴\",\"myd\":\"☆☆☆☆☆\",\"name\":\"浦西尚学堂\",\"nyye\":\"22\",\"phone\":\"1001111\",\"postCode\":\"100100\",\"state\":0,\"updateDate\":1488431897000,\"webSite\":\"www.shsxt.com\",\"xyd\":\"☆☆☆☆☆\",\"yyzzzch\":\"1001000\",\"zczj\":\"100\"},{\"address\":\"1111fsdf\",\"area\":\"上海\",\"createDate\":1451639356000,\"cusManager\":\"小红\",\"dsdjh\":\"4535213212\",\"fax\":\"111\",\"fr\":\"老宋\",\"gsdjh\":\"中国\",\"id\":30,\"isValid\":1,\"khno\":\"KH201609011709179\",\"khyh\":\"中国银行\",\"khzh\":\"6225231243641\",\"level\":\"大客户\",\"myd\":\"☆\",\"name\":\"天猫11\",\"nyye\":\"1000000\",\"phone\":\"11111\",\"postCode\":\"200233\",\"state\":1,\"updateDate\":1499161947000,\"webSite\":\"111\",\"xyd\":\"☆☆☆\",\"yyzzzch\":\"11\",\"zczj\":\"1000\"},{\"address\":\"上海市徐汇区虹梅路153\",\"area\":\"北京\",\"createDate\":1472034590000,\"cusManager\":\"小明\",\"dsdjh\":\"4535213212\",\"fax\":\"134\",\"fr\":\"老王\",\"gsdjh\":\"中国\",\"id\":29,\"isValid\":1,\"khno\":\"KH201608241829510\",\"khyh\":\"中国银行\",\"khzh\":\"123456456\",\"level\":\"重点开发客户\",\"myd\":\"☆☆☆☆☆\",\"name\":\"上海聪享科技1\",\"nyye\":\"10000\",\"phone\":\"13666666666\",\"postCode\":\"200233\",\"state\":0,\"updateDate\":1472035571000,\"webSite\":\"www.shsxt.com\",\"xyd\":\"☆\",\"yyzzzch\":\"13344\",\"zczj\":\"100\"},{\"address\":\"62\",\"area\":\"上海\",\"createDate\":1477368939000,\"cusManager\":\"小张\",\"dsdjh\":\"132\",\"fax\":\"42\",\"fr\":\"7777\",\"gsdjh\":\"142\",\"id\":28,\"isValid\":1,\"khno\":\"KH20150729090910\",\"khyh\":\"102\",\"khzh\":\"1111\",\"level\":\"战略合作伙伴\",\"myd\":\"☆☆☆☆☆\",\"name\":\"sssss\",\"nyye\":\"sss\",\"phone\":\"32\",\"postCode\":\"22\",\"state\":0,\"updateDate\":1488451603000,\"webSite\":\"52\",\"xyd\":\"☆☆☆☆☆\",\"yyzzzch\":\"112\",\"zczj\":\"122\"},{\"address\":\"321\",\"area\":\"北京\",\"createDate\":1453695319000,\"cusManager\":\"小红\",\"dsdjh\":\"321\",\"fax\":\"321\",\"fr\":\"321\",\"gsdjh\":\"3213\",\"id\":16,\"isValid\":1,\"khno\":\"KH20150526073022\",\"khyh\":\"321\",\"khzh\":\"321\",\"level\":\"大客户\",\"myd\":\"☆\",\"name\":\"风驰科技\",\"nyye\":\"21\",\"phone\":\"321\",\"postCode\":\"21\",\"state\":2,\"updateDate\":1502268330000,\"webSite\":\"321\",\"xyd\":\"☆\",\"yyzzzch\":\"321\",\"zczj\":\"\"},{\"address\":\"北京海淀区双榆树东里15号\",\"area\":\"北京\",\"createDate\":1456370923000,\"cusManager\":\"小张\",\"dsdjh\":\"4422214321321\",\"fax\":\"010-62263393\",\"fr\":\"张三\",\"gsdjh\":\"4104322332\",\"id\":1,\"isValid\":1,\"khno\":\"KH21321321\",\"khyh\":\"中国银行\",\"khzh\":\"6225231243641\",\"level\":\"战略合作伙伴\",\"myd\":\"☆☆☆\",\"name\":\"北京大牛科技\",\"nyye\":\"1111\",\"phone\":\"010-62263393\",\"postCode\":\"100027\",\"state\":1,\"updateDate\":1488438414000,\"webSite\":\"www.daniu.com\",\"xyd\":\"☆☆☆\",\"yyzzzch\":\"420103000057404\",\"zczj\":\"1000\"}]}');
INSERT INTO `t_log` VALUES (172, '客户信息管理-分页查询', 'public java.util.Map com.shsxt.crm.controller.CustomerController.selectForPage(com.shsxt.crm.dto.CustomerQuery)', '0', '0:0:0:0:0:0:0:1', NULL, NULL, '{\"page\":[\"1\"],\"rows\":[\"10\"]}', '2017-08-19 10:26:44', 4, 'shsxt', '{\"total\":10,\"rows\":[{\"address\":\"浦东张江高科1号\",\"area\":\"上海\",\"createDate\":1503046805000,\"cusManager\":\"admin1\",\"dsdjh\":\"22\",\"fax\":\"021-89898989\",\"fr\":\"郑昊\",\"gsdjh\":\"22\",\"id\":39,\"isValid\":1,\"khno\":\"KH20170818170004820\",\"khyh\":\"农业银行\",\"khzh\":\"257687888\",\"level\":\"不小的客户1\",\"myd\":\"☆\",\"name\":\"尚学堂-郑昊\",\"nyye\":\"1\",\"phone\":\"13644443333\",\"postCode\":\"200000\",\"state\":0,\"updateDate\":1503047018000,\"webSite\":\"www.shsxt.com\",\"xyd\":\"☆\",\"yyzzzch\":\"420103000057404\",\"zczj\":\"12000\"},{\"address\":\"荣乐中路2369弄42号\",\"area\":\"上海\",\"createDate\":1503046645000,\"cusManager\":\"小明\",\"dsdjh\":\"324234\",\"fax\":\"021-89898989\",\"fr\":\"李林\",\"gsdjh\":\"234234\",\"id\":38,\"isValid\":1,\"khno\":\"KH2017-08-18205\",\"khyh\":\"中国银行\",\"khzh\":\"12345677898990000\",\"level\":\"不小的客户1\",\"myd\":\"☆☆☆☆☆\",\"name\":\"尚学堂-李林学院\",\"nyye\":\"10000000000\",\"phone\":\"13888888888\",\"postCode\":\"200000\",\"state\":0,\"updateDate\":1503047018000,\"webSite\":\"www.shsxt.com\",\"xyd\":\"☆☆☆☆☆\",\"yyzzzch\":\"420103000057404\",\"zczj\":\"1000\"},{\"address\":\"浦东张江高科1号\",\"area\":\"北京\",\"createDate\":1499065424000,\"cusManager\":\"admin1\",\"dsdjh\":\"3242342423\",\"fax\":\"021-89898989\",\"fr\":\"赵老师\",\"gsdjh\":\"234234234\",\"id\":36,\"isValid\":1,\"khno\":\"KH20170703150344713\",\"khyh\":\"中国银行\",\"khzh\":\"89890100001010103947\",\"level\":\"普通客户\",\"myd\":\"☆\",\"name\":\"上海尚学堂浦东校区1\",\"nyye\":\"1\",\"phone\":\"13644443333\",\"postCode\":\"100027\",\"state\":0,\"updateDate\":1499065424000,\"webSite\":\"www.shsxt.com\",\"xyd\":\"☆☆☆☆☆\",\"yyzzzch\":\"420103000057404\",\"zczj\":\"10000000\"},{\"address\":\"浦东张江高科1号11\",\"area\":\"上海\",\"createDate\":1499064974000,\"cusManager\":\"小明\",\"dsdjh\":\"3242342423\",\"fax\":\"021-89898989\",\"fr\":\"廖老师\",\"gsdjh\":\"234234234\",\"id\":35,\"isValid\":1,\"khno\":\"KH20170703145613140\",\"khyh\":\"中国银行\",\"khzh\":\"89890100001010103947\",\"level\":\"重点开发客户\",\"myd\":\"☆\",\"name\":\"上海尚学堂浦东校区\",\"nyye\":\"1\",\"phone\":\"13644443333\",\"postCode\":\"100027\",\"state\":0,\"updateDate\":1499065515000,\"webSite\":\"www.shsxt.com\",\"xyd\":\"☆☆☆☆☆\",\"yyzzzch\":\"420103000057404\",\"zczj\":\"10000000\"},{\"address\":\"浦东新区\",\"area\":\"上海\",\"createDate\":1482827301000,\"cusManager\":\"zs\",\"dsdjh\":\"1000\",\"fax\":\"sxt@sxt.cn\",\"fr\":\"老裴\",\"gsdjh\":\"10000\",\"id\":34,\"isValid\":1,\"khno\":\"KH201612271628316\",\"khyh\":\"工商\",\"khzh\":\"100100000\",\"level\":\"战略合作伙伴\",\"myd\":\"☆☆☆☆☆\",\"name\":\"浦西尚学堂\",\"nyye\":\"22\",\"phone\":\"1001111\",\"postCode\":\"100100\",\"state\":0,\"updateDate\":1488431897000,\"webSite\":\"www.shsxt.com\",\"xyd\":\"☆☆☆☆☆\",\"yyzzzch\":\"1001000\",\"zczj\":\"100\"},{\"address\":\"1111fsdf\",\"area\":\"上海\",\"createDate\":1451639356000,\"cusManager\":\"小红\",\"dsdjh\":\"4535213212\",\"fax\":\"111\",\"fr\":\"老宋\",\"gsdjh\":\"中国\",\"id\":30,\"isValid\":1,\"khno\":\"KH201609011709179\",\"khyh\":\"中国银行\",\"khzh\":\"6225231243641\",\"level\":\"大客户\",\"myd\":\"☆\",\"name\":\"天猫11\",\"nyye\":\"1000000\",\"phone\":\"11111\",\"postCode\":\"200233\",\"state\":1,\"updateDate\":1499161947000,\"webSite\":\"111\",\"xyd\":\"☆☆☆\",\"yyzzzch\":\"11\",\"zczj\":\"1000\"},{\"address\":\"上海市徐汇区虹梅路153\",\"area\":\"北京\",\"createDate\":1472034590000,\"cusManager\":\"小明\",\"dsdjh\":\"4535213212\",\"fax\":\"134\",\"fr\":\"老王\",\"gsdjh\":\"中国\",\"id\":29,\"isValid\":1,\"khno\":\"KH201608241829510\",\"khyh\":\"中国银行\",\"khzh\":\"123456456\",\"level\":\"重点开发客户\",\"myd\":\"☆☆☆☆☆\",\"name\":\"上海聪享科技1\",\"nyye\":\"10000\",\"phone\":\"13666666666\",\"postCode\":\"200233\",\"state\":0,\"updateDate\":1472035571000,\"webSite\":\"www.shsxt.com\",\"xyd\":\"☆\",\"yyzzzch\":\"13344\",\"zczj\":\"100\"},{\"address\":\"62\",\"area\":\"上海\",\"createDate\":1477368939000,\"cusManager\":\"小张\",\"dsdjh\":\"132\",\"fax\":\"42\",\"fr\":\"7777\",\"gsdjh\":\"142\",\"id\":28,\"isValid\":1,\"khno\":\"KH20150729090910\",\"khyh\":\"102\",\"khzh\":\"1111\",\"level\":\"战略合作伙伴\",\"myd\":\"☆☆☆☆☆\",\"name\":\"sssss\",\"nyye\":\"sss\",\"phone\":\"32\",\"postCode\":\"22\",\"state\":0,\"updateDate\":1488451603000,\"webSite\":\"52\",\"xyd\":\"☆☆☆☆☆\",\"yyzzzch\":\"112\",\"zczj\":\"122\"},{\"address\":\"321\",\"area\":\"北京\",\"createDate\":1453695319000,\"cusManager\":\"小红\",\"dsdjh\":\"321\",\"fax\":\"321\",\"fr\":\"321\",\"gsdjh\":\"3213\",\"id\":16,\"isValid\":1,\"khno\":\"KH20150526073022\",\"khyh\":\"321\",\"khzh\":\"321\",\"level\":\"大客户\",\"myd\":\"☆\",\"name\":\"风驰科技\",\"nyye\":\"21\",\"phone\":\"321\",\"postCode\":\"21\",\"state\":2,\"updateDate\":1502268330000,\"webSite\":\"321\",\"xyd\":\"☆\",\"yyzzzch\":\"321\",\"zczj\":\"\"},{\"address\":\"北京海淀区双榆树东里15号\",\"area\":\"北京\",\"createDate\":1456370923000,\"cusManager\":\"小张\",\"dsdjh\":\"4422214321321\",\"fax\":\"010-62263393\",\"fr\":\"张三\",\"gsdjh\":\"4104322332\",\"id\":1,\"isValid\":1,\"khno\":\"KH21321321\",\"khyh\":\"中国银行\",\"khzh\":\"6225231243641\",\"level\":\"战略合作伙伴\",\"myd\":\"☆☆☆\",\"name\":\"北京大牛科技\",\"nyye\":\"1111\",\"phone\":\"010-62263393\",\"postCode\":\"100027\",\"state\":1,\"updateDate\":1488438414000,\"webSite\":\"www.daniu.com\",\"xyd\":\"☆☆☆\",\"yyzzzch\":\"420103000057404\",\"zczj\":\"1000\"}]}');
INSERT INTO `t_log` VALUES (173, '客户信息管理-分页查询', 'public java.util.Map com.shsxt.crm.controller.CustomerController.selectForPage(com.shsxt.crm.dto.CustomerQuery)', '0', '0:0:0:0:0:0:0:1', NULL, NULL, '{\"page\":[\"1\"],\"rows\":[\"10\"]}', '2017-08-19 10:26:45', 4, 'shsxt', '{\"total\":10,\"rows\":[{\"address\":\"浦东张江高科1号\",\"area\":\"上海\",\"createDate\":1503046805000,\"cusManager\":\"admin1\",\"dsdjh\":\"22\",\"fax\":\"021-89898989\",\"fr\":\"郑昊\",\"gsdjh\":\"22\",\"id\":39,\"isValid\":1,\"khno\":\"KH20170818170004820\",\"khyh\":\"农业银行\",\"khzh\":\"257687888\",\"level\":\"不小的客户1\",\"myd\":\"☆\",\"name\":\"尚学堂-郑昊\",\"nyye\":\"1\",\"phone\":\"13644443333\",\"postCode\":\"200000\",\"state\":0,\"updateDate\":1503047018000,\"webSite\":\"www.shsxt.com\",\"xyd\":\"☆\",\"yyzzzch\":\"420103000057404\",\"zczj\":\"12000\"},{\"address\":\"荣乐中路2369弄42号\",\"area\":\"上海\",\"createDate\":1503046645000,\"cusManager\":\"小明\",\"dsdjh\":\"324234\",\"fax\":\"021-89898989\",\"fr\":\"李林\",\"gsdjh\":\"234234\",\"id\":38,\"isValid\":1,\"khno\":\"KH2017-08-18205\",\"khyh\":\"中国银行\",\"khzh\":\"12345677898990000\",\"level\":\"不小的客户1\",\"myd\":\"☆☆☆☆☆\",\"name\":\"尚学堂-李林学院\",\"nyye\":\"10000000000\",\"phone\":\"13888888888\",\"postCode\":\"200000\",\"state\":0,\"updateDate\":1503047018000,\"webSite\":\"www.shsxt.com\",\"xyd\":\"☆☆☆☆☆\",\"yyzzzch\":\"420103000057404\",\"zczj\":\"1000\"},{\"address\":\"浦东张江高科1号\",\"area\":\"北京\",\"createDate\":1499065424000,\"cusManager\":\"admin1\",\"dsdjh\":\"3242342423\",\"fax\":\"021-89898989\",\"fr\":\"赵老师\",\"gsdjh\":\"234234234\",\"id\":36,\"isValid\":1,\"khno\":\"KH20170703150344713\",\"khyh\":\"中国银行\",\"khzh\":\"89890100001010103947\",\"level\":\"普通客户\",\"myd\":\"☆\",\"name\":\"上海尚学堂浦东校区1\",\"nyye\":\"1\",\"phone\":\"13644443333\",\"postCode\":\"100027\",\"state\":0,\"updateDate\":1499065424000,\"webSite\":\"www.shsxt.com\",\"xyd\":\"☆☆☆☆☆\",\"yyzzzch\":\"420103000057404\",\"zczj\":\"10000000\"},{\"address\":\"浦东张江高科1号11\",\"area\":\"上海\",\"createDate\":1499064974000,\"cusManager\":\"小明\",\"dsdjh\":\"3242342423\",\"fax\":\"021-89898989\",\"fr\":\"廖老师\",\"gsdjh\":\"234234234\",\"id\":35,\"isValid\":1,\"khno\":\"KH20170703145613140\",\"khyh\":\"中国银行\",\"khzh\":\"89890100001010103947\",\"level\":\"重点开发客户\",\"myd\":\"☆\",\"name\":\"上海尚学堂浦东校区\",\"nyye\":\"1\",\"phone\":\"13644443333\",\"postCode\":\"100027\",\"state\":0,\"updateDate\":1499065515000,\"webSite\":\"www.shsxt.com\",\"xyd\":\"☆☆☆☆☆\",\"yyzzzch\":\"420103000057404\",\"zczj\":\"10000000\"},{\"address\":\"浦东新区\",\"area\":\"上海\",\"createDate\":1482827301000,\"cusManager\":\"zs\",\"dsdjh\":\"1000\",\"fax\":\"sxt@sxt.cn\",\"fr\":\"老裴\",\"gsdjh\":\"10000\",\"id\":34,\"isValid\":1,\"khno\":\"KH201612271628316\",\"khyh\":\"工商\",\"khzh\":\"100100000\",\"level\":\"战略合作伙伴\",\"myd\":\"☆☆☆☆☆\",\"name\":\"浦西尚学堂\",\"nyye\":\"22\",\"phone\":\"1001111\",\"postCode\":\"100100\",\"state\":0,\"updateDate\":1488431897000,\"webSite\":\"www.shsxt.com\",\"xyd\":\"☆☆☆☆☆\",\"yyzzzch\":\"1001000\",\"zczj\":\"100\"},{\"address\":\"1111fsdf\",\"area\":\"上海\",\"createDate\":1451639356000,\"cusManager\":\"小红\",\"dsdjh\":\"4535213212\",\"fax\":\"111\",\"fr\":\"老宋\",\"gsdjh\":\"中国\",\"id\":30,\"isValid\":1,\"khno\":\"KH201609011709179\",\"khyh\":\"中国银行\",\"khzh\":\"6225231243641\",\"level\":\"大客户\",\"myd\":\"☆\",\"name\":\"天猫11\",\"nyye\":\"1000000\",\"phone\":\"11111\",\"postCode\":\"200233\",\"state\":1,\"updateDate\":1499161947000,\"webSite\":\"111\",\"xyd\":\"☆☆☆\",\"yyzzzch\":\"11\",\"zczj\":\"1000\"},{\"address\":\"上海市徐汇区虹梅路153\",\"area\":\"北京\",\"createDate\":1472034590000,\"cusManager\":\"小明\",\"dsdjh\":\"4535213212\",\"fax\":\"134\",\"fr\":\"老王\",\"gsdjh\":\"中国\",\"id\":29,\"isValid\":1,\"khno\":\"KH201608241829510\",\"khyh\":\"中国银行\",\"khzh\":\"123456456\",\"level\":\"重点开发客户\",\"myd\":\"☆☆☆☆☆\",\"name\":\"上海聪享科技1\",\"nyye\":\"10000\",\"phone\":\"13666666666\",\"postCode\":\"200233\",\"state\":0,\"updateDate\":1472035571000,\"webSite\":\"www.shsxt.com\",\"xyd\":\"☆\",\"yyzzzch\":\"13344\",\"zczj\":\"100\"},{\"address\":\"62\",\"area\":\"上海\",\"createDate\":1477368939000,\"cusManager\":\"小张\",\"dsdjh\":\"132\",\"fax\":\"42\",\"fr\":\"7777\",\"gsdjh\":\"142\",\"id\":28,\"isValid\":1,\"khno\":\"KH20150729090910\",\"khyh\":\"102\",\"khzh\":\"1111\",\"level\":\"战略合作伙伴\",\"myd\":\"☆☆☆☆☆\",\"name\":\"sssss\",\"nyye\":\"sss\",\"phone\":\"32\",\"postCode\":\"22\",\"state\":0,\"updateDate\":1488451603000,\"webSite\":\"52\",\"xyd\":\"☆☆☆☆☆\",\"yyzzzch\":\"112\",\"zczj\":\"122\"},{\"address\":\"321\",\"area\":\"北京\",\"createDate\":1453695319000,\"cusManager\":\"小红\",\"dsdjh\":\"321\",\"fax\":\"321\",\"fr\":\"321\",\"gsdjh\":\"3213\",\"id\":16,\"isValid\":1,\"khno\":\"KH20150526073022\",\"khyh\":\"321\",\"khzh\":\"321\",\"level\":\"大客户\",\"myd\":\"☆\",\"name\":\"风驰科技\",\"nyye\":\"21\",\"phone\":\"321\",\"postCode\":\"21\",\"state\":2,\"updateDate\":1502268330000,\"webSite\":\"321\",\"xyd\":\"☆\",\"yyzzzch\":\"321\",\"zczj\":\"\"},{\"address\":\"北京海淀区双榆树东里15号\",\"area\":\"北京\",\"createDate\":1456370923000,\"cusManager\":\"小张\",\"dsdjh\":\"4422214321321\",\"fax\":\"010-62263393\",\"fr\":\"张三\",\"gsdjh\":\"4104322332\",\"id\":1,\"isValid\":1,\"khno\":\"KH21321321\",\"khyh\":\"中国银行\",\"khzh\":\"6225231243641\",\"level\":\"战略合作伙伴\",\"myd\":\"☆☆☆\",\"name\":\"北京大牛科技\",\"nyye\":\"1111\",\"phone\":\"010-62263393\",\"postCode\":\"100027\",\"state\":1,\"updateDate\":1488438414000,\"webSite\":\"www.daniu.com\",\"xyd\":\"☆☆☆\",\"yyzzzch\":\"420103000057404\",\"zczj\":\"1000\"}]}');
INSERT INTO `t_log` VALUES (174, '营销机会管理', 'public java.lang.String com.shsxt.crm.controller.SaleChanceController.index(java.lang.Integer)', '0', '0:0:0:0:0:0:0:1', NULL, NULL, '{\"permission\":[\"1010\"]}', '2017-08-19 10:28:51', 8, 'shsxt', '\"sale_chance\"');
INSERT INTO `t_log` VALUES (175, '营销机会管理-查询', 'public java.util.Map com.shsxt.crm.controller.SaleChanceController.list(com.shsxt.crm.dto.SaleChanceQuery)', '0', '0:0:0:0:0:0:0:1', NULL, NULL, '{\"page\":[\"1\"],\"rows\":[\"10\"]}', '2017-08-19 10:28:51', 12, 'shsxt', '{\"total\":34,\"paginator\":{\"endRow\":10,\"firstPage\":true,\"hasNextPage\":true,\"hasPrePage\":false,\"lastPage\":false,\"limit\":10,\"nextPage\":2,\"offset\":0,\"page\":1,\"prePage\":1,\"slider\":[1,2,3,4],\"startRow\":1,\"totalCount\":34,\"totalPages\":4},\"rows\":[{\"assignMan\":\"admin1\",\"assignTime\":1502670384000,\"cgjl\":80,\"chanceSource\":\"廖老师介绍\",\"createDate\":1502608217000,\"createMan\":\"shsxt\",\"customerId\":35,\"customerName\":\"上海尚学堂浦东校区\",\"description\":\"哈哈哈哈哈哈\",\"devResult\":1,\"id\":62,\"linkMan\":\"李壮壮\",\"linkPhone\":\"1366666666\",\"overview\":\"需要服务器5台\",\"state\":1},{\"assignMan\":\"\",\"cgjl\":89,\"chanceSource\":\"老裴推荐\",\"createDate\":1502608084000,\"createMan\":\"shsxt\",\"customerId\":34,\"customerName\":\"浦西尚学堂\",\"description\":\"水电费水电费水电费水电费\",\"devResult\":0,\"id\":61,\"linkMan\":\"老裴\",\"linkPhone\":\"13999999999\",\"overview\":\"需要服务器5台\",\"state\":0},{\"assignMan\":\"小明\",\"assignTime\":1502352310000,\"cgjl\":80,\"chanceSource\":\"友情推荐\",\"createDate\":1502352310000,\"createMan\":\"shsxt\",\"customerId\":16,\"customerName\":\"风驰科技\",\"description\":\"老裴公司需要服务器多少多少台\",\"devResult\":0,\"id\":60,\"linkMan\":\"老裴\",\"linkPhone\":\"1366666666\",\"overview\":\"需要服务若干台\",\"state\":1},{\"assignMan\":\"小明\",\"assignTime\":1498696011000,\"cgjl\":10,\"chanceSource\":\"胜多负少\",\"createDate\":1498204647000,\"createMan\":\"shsxt\",\"customerId\":1,\"customerName\":\"1\",\"description\":\"水电费\",\"devResult\":3,\"id\":57,\"linkMan\":\" 水电费\",\"linkPhone\":\"13888888888\",\"overview\":\"水电费\",\"state\":1},{\"assignMan\":\"admin\",\"assignTime\":1488366620000,\"chanceSource\":\"\",\"createDate\":1488366620000,\"createMan\":\"Tony\",\"customerName\":\"wwwwwwww\",\"description\":\"\",\"devResult\":2,\"id\":56,\"linkMan\":\"\",\"linkPhone\":\"\",\"overview\":\"\",\"state\":1},{\"assignMan\":\"admin\",\"assignTime\":1488366298000,\"chanceSource\":\"\",\"createDate\":1488366298000,\"createMan\":\"\",\"customerName\":\"asad\",\"description\":\"\",\"devResult\":0,\"id\":53,\"linkMan\":\"10\",\"linkPhone\":\"\",\"overview\":\"\",\"state\":1},{\"assignMan\":\"admin\",\"assignTime\":1488366208000,\"chanceSource\":\"\",\"createDate\":1488366208000,\"createMan\":\"\",\"customerName\":\"sada\",\"description\":\"\",\"id\":52,\"linkMan\":\"\",\"linkPhone\":\"\",\"overview\":\"\",\"state\":1},{\"assignMan\":\"\",\"cgjl\":12,\"chanceSource\":\"\",\"createDate\":1488366104000,\"createMan\":\"\",\"customerName\":\"sadsa\",\"description\":\"\",\"id\":51,\"linkMan\":\"\",\"linkPhone\":\"\",\"overview\":\"\"},{\"assignMan\":\"admin\",\"assignTime\":1488366001000,\"chanceSource\":\"\",\"createDate\":1488366001000,\"createMan\":\"\",\"customerName\":\"sadads\",\"description\":\"\",\"devResult\":0,\"id\":50,\"linkMan\":\"\",\"linkPhone\":\"\",\"overview\":\"\",\"state\":1},{\"assignMan\":\"\",\"cgjl\":10,\"chanceSource\":\"\",\"createDate\":1488365783000,\"createMan\":\"\",\"customerName\":\"\",\"description\":\"\",\"id\":47,\"linkMan\":\"sadsad\",\"linkPhone\":\"\",\"overview\":\"\"}]}');
INSERT INTO `t_log` VALUES (176, '营销机会管理', 'public java.lang.String com.shsxt.crm.controller.SaleChanceController.index(java.lang.Integer)', '0', '0:0:0:0:0:0:0:1', NULL, NULL, '{\"state\":[\"1\"]}', '2017-08-19 10:28:52', 0, 'shsxt', '\"sale_chance_assignment\"');
INSERT INTO `t_log` VALUES (177, '营销机会管理-查询', 'public java.util.Map com.shsxt.crm.controller.SaleChanceController.list(com.shsxt.crm.dto.SaleChanceQuery)', '0', '0:0:0:0:0:0:0:1', NULL, NULL, '{\"state\":[\"1\"],\"page\":[\"1\"],\"rows\":[\"10\"]}', '2017-08-19 10:28:52', 7, 'shsxt', '{\"total\":23,\"paginator\":{\"endRow\":10,\"firstPage\":true,\"hasNextPage\":true,\"hasPrePage\":false,\"lastPage\":false,\"limit\":10,\"nextPage\":2,\"offset\":0,\"page\":1,\"prePage\":1,\"slider\":[1,2,3],\"startRow\":1,\"totalCount\":23,\"totalPages\":3},\"rows\":[{\"assignMan\":\"admin1\",\"assignTime\":1502670384000,\"cgjl\":80,\"chanceSource\":\"廖老师介绍\",\"createDate\":1502608217000,\"createMan\":\"shsxt\",\"customerId\":35,\"customerName\":\"上海尚学堂浦东校区\",\"description\":\"哈哈哈哈哈哈\",\"devResult\":1,\"id\":62,\"linkMan\":\"李壮壮\",\"linkPhone\":\"1366666666\",\"overview\":\"需要服务器5台\",\"state\":1},{\"assignMan\":\"小明\",\"assignTime\":1502352310000,\"cgjl\":80,\"chanceSource\":\"友情推荐\",\"createDate\":1502352310000,\"createMan\":\"shsxt\",\"customerId\":16,\"customerName\":\"风驰科技\",\"description\":\"老裴公司需要服务器多少多少台\",\"devResult\":0,\"id\":60,\"linkMan\":\"老裴\",\"linkPhone\":\"1366666666\",\"overview\":\"需要服务若干台\",\"state\":1},{\"assignMan\":\"小明\",\"assignTime\":1498696011000,\"cgjl\":10,\"chanceSource\":\"胜多负少\",\"createDate\":1498204647000,\"createMan\":\"shsxt\",\"customerId\":1,\"customerName\":\"1\",\"description\":\"水电费\",\"devResult\":3,\"id\":57,\"linkMan\":\" 水电费\",\"linkPhone\":\"13888888888\",\"overview\":\"水电费\",\"state\":1},{\"assignMan\":\"admin\",\"assignTime\":1488366620000,\"chanceSource\":\"\",\"createDate\":1488366620000,\"createMan\":\"Tony\",\"customerName\":\"wwwwwwww\",\"description\":\"\",\"devResult\":2,\"id\":56,\"linkMan\":\"\",\"linkPhone\":\"\",\"overview\":\"\",\"state\":1},{\"assignMan\":\"admin\",\"assignTime\":1488366298000,\"chanceSource\":\"\",\"createDate\":1488366298000,\"createMan\":\"\",\"customerName\":\"asad\",\"description\":\"\",\"devResult\":0,\"id\":53,\"linkMan\":\"10\",\"linkPhone\":\"\",\"overview\":\"\",\"state\":1},{\"assignMan\":\"admin\",\"assignTime\":1488366208000,\"chanceSource\":\"\",\"createDate\":1488366208000,\"createMan\":\"\",\"customerName\":\"sada\",\"description\":\"\",\"id\":52,\"linkMan\":\"\",\"linkPhone\":\"\",\"overview\":\"\",\"state\":1},{\"assignMan\":\"admin\",\"assignTime\":1488366001000,\"chanceSource\":\"\",\"createDate\":1488366001000,\"createMan\":\"\",\"customerName\":\"sadads\",\"description\":\"\",\"devResult\":0,\"id\":50,\"linkMan\":\"\",\"linkPhone\":\"\",\"overview\":\"\",\"state\":1},{\"assignMan\":\"admin\",\"assignTime\":1488365575000,\"chanceSource\":\"\",\"createDate\":1488365575000,\"createMan\":\"\",\"customerName\":\"saassa\",\"description\":\"\",\"devResult\":0,\"id\":46,\"linkMan\":\"\",\"linkPhone\":\"\",\"overview\":\"\",\"state\":1},{\"assignMan\":\"admin\",\"assignTime\":1488363320000,\"cgjl\":100,\"chanceSource\":\"Tree\",\"createDate\":1488363320000,\"createMan\":\"\",\"customerName\":\"tree\",\"description\":\"Tree\",\"devResult\":0,\"id\":40,\"linkMan\":\"Tree\",\"linkPhone\":\"123456\",\"overview\":\"Tree\",\"state\":1},{\"assignMan\":\"admin\",\"assignTime\":1488342155000,\"cgjl\":22,\"chanceSource\":\"sawork\",\"createDate\":1488342155000,\"createMan\":\"\",\"customerName\":\"sawork\",\"description\":\"sakl\",\"devResult\":0,\"id\":39,\"linkMan\":\"sawo\",\"linkPhone\":\"12345\",\"overview\":\"sakl\",\"state\":1}]}');
INSERT INTO `t_log` VALUES (178, '客户信息管理', 'public java.lang.String com.shsxt.crm.controller.CustomerController.index()', '0', '0:0:0:0:0:0:0:1', NULL, NULL, '{}', '2017-08-19 11:07:16', 6, 'shsxt', '\"customer\"');
INSERT INTO `t_log` VALUES (179, '客户信息管理-分页查询', 'public java.util.Map com.shsxt.crm.controller.CustomerController.selectForPage(com.shsxt.crm.dto.CustomerQuery)', '0', '0:0:0:0:0:0:0:1', NULL, NULL, '{\"page\":[\"1\"],\"rows\":[\"10\"]}', '2017-08-19 11:07:17', 52, 'shsxt', '{\"total\":10,\"rows\":[{\"address\":\"浦东张江高科1号\",\"area\":\"上海\",\"createDate\":1503046805000,\"cusManager\":\"admin1\",\"dsdjh\":\"22\",\"fax\":\"021-89898989\",\"fr\":\"郑昊\",\"gsdjh\":\"22\",\"id\":39,\"isValid\":1,\"khno\":\"KH20170818170004820\",\"khyh\":\"农业银行\",\"khzh\":\"257687888\",\"level\":\"不小的客户1\",\"myd\":\"☆\",\"name\":\"尚学堂-郑昊\",\"nyye\":\"1\",\"phone\":\"13644443333\",\"postCode\":\"200000\",\"state\":0,\"updateDate\":1503047018000,\"webSite\":\"www.shsxt.com\",\"xyd\":\"☆\",\"yyzzzch\":\"420103000057404\",\"zczj\":\"12000\"},{\"address\":\"荣乐中路2369弄42号\",\"area\":\"上海\",\"createDate\":1503046645000,\"cusManager\":\"小明\",\"dsdjh\":\"324234\",\"fax\":\"021-89898989\",\"fr\":\"李林\",\"gsdjh\":\"234234\",\"id\":38,\"isValid\":1,\"khno\":\"KH2017-08-18205\",\"khyh\":\"中国银行\",\"khzh\":\"12345677898990000\",\"level\":\"不小的客户1\",\"myd\":\"☆☆☆☆☆\",\"name\":\"尚学堂-李林学院\",\"nyye\":\"10000000000\",\"phone\":\"13888888888\",\"postCode\":\"200000\",\"state\":0,\"updateDate\":1503047018000,\"webSite\":\"www.shsxt.com\",\"xyd\":\"☆☆☆☆☆\",\"yyzzzch\":\"420103000057404\",\"zczj\":\"1000\"},{\"address\":\"浦东张江高科1号\",\"area\":\"北京\",\"createDate\":1499065424000,\"cusManager\":\"admin1\",\"dsdjh\":\"3242342423\",\"fax\":\"021-89898989\",\"fr\":\"赵老师\",\"gsdjh\":\"234234234\",\"id\":36,\"isValid\":1,\"khno\":\"KH20170703150344713\",\"khyh\":\"中国银行\",\"khzh\":\"89890100001010103947\",\"level\":\"普通客户\",\"myd\":\"☆\",\"name\":\"上海尚学堂浦东校区1\",\"nyye\":\"1\",\"phone\":\"13644443333\",\"postCode\":\"100027\",\"state\":0,\"updateDate\":1499065424000,\"webSite\":\"www.shsxt.com\",\"xyd\":\"☆☆☆☆☆\",\"yyzzzch\":\"420103000057404\",\"zczj\":\"10000000\"},{\"address\":\"浦东张江高科1号11\",\"area\":\"上海\",\"createDate\":1499064974000,\"cusManager\":\"小明\",\"dsdjh\":\"3242342423\",\"fax\":\"021-89898989\",\"fr\":\"廖老师\",\"gsdjh\":\"234234234\",\"id\":35,\"isValid\":1,\"khno\":\"KH20170703145613140\",\"khyh\":\"中国银行\",\"khzh\":\"89890100001010103947\",\"level\":\"重点开发客户\",\"myd\":\"☆\",\"name\":\"上海尚学堂浦东校区\",\"nyye\":\"1\",\"phone\":\"13644443333\",\"postCode\":\"100027\",\"state\":0,\"updateDate\":1499065515000,\"webSite\":\"www.shsxt.com\",\"xyd\":\"☆☆☆☆☆\",\"yyzzzch\":\"420103000057404\",\"zczj\":\"10000000\"},{\"address\":\"浦东新区\",\"area\":\"上海\",\"createDate\":1482827301000,\"cusManager\":\"zs\",\"dsdjh\":\"1000\",\"fax\":\"sxt@sxt.cn\",\"fr\":\"老裴\",\"gsdjh\":\"10000\",\"id\":34,\"isValid\":1,\"khno\":\"KH201612271628316\",\"khyh\":\"工商\",\"khzh\":\"100100000\",\"level\":\"战略合作伙伴\",\"myd\":\"☆☆☆☆☆\",\"name\":\"浦西尚学堂\",\"nyye\":\"22\",\"phone\":\"1001111\",\"postCode\":\"100100\",\"state\":0,\"updateDate\":1488431897000,\"webSite\":\"www.shsxt.com\",\"xyd\":\"☆☆☆☆☆\",\"yyzzzch\":\"1001000\",\"zczj\":\"100\"},{\"address\":\"1111fsdf\",\"area\":\"上海\",\"createDate\":1451639356000,\"cusManager\":\"小红\",\"dsdjh\":\"4535213212\",\"fax\":\"111\",\"fr\":\"老宋\",\"gsdjh\":\"中国\",\"id\":30,\"isValid\":1,\"khno\":\"KH201609011709179\",\"khyh\":\"中国银行\",\"khzh\":\"6225231243641\",\"level\":\"大客户\",\"myd\":\"☆\",\"name\":\"天猫11\",\"nyye\":\"1000000\",\"phone\":\"11111\",\"postCode\":\"200233\",\"state\":1,\"updateDate\":1499161947000,\"webSite\":\"111\",\"xyd\":\"☆☆☆\",\"yyzzzch\":\"11\",\"zczj\":\"1000\"},{\"address\":\"上海市徐汇区虹梅路153\",\"area\":\"北京\",\"createDate\":1472034590000,\"cusManager\":\"小明\",\"dsdjh\":\"4535213212\",\"fax\":\"134\",\"fr\":\"老王\",\"gsdjh\":\"中国\",\"id\":29,\"isValid\":1,\"khno\":\"KH201608241829510\",\"khyh\":\"中国银行\",\"khzh\":\"123456456\",\"level\":\"重点开发客户\",\"myd\":\"☆☆☆☆☆\",\"name\":\"上海聪享科技1\",\"nyye\":\"10000\",\"phone\":\"13666666666\",\"postCode\":\"200233\",\"state\":0,\"updateDate\":1472035571000,\"webSite\":\"www.shsxt.com\",\"xyd\":\"☆\",\"yyzzzch\":\"13344\",\"zczj\":\"100\"},{\"address\":\"62\",\"area\":\"上海\",\"createDate\":1477368939000,\"cusManager\":\"小张\",\"dsdjh\":\"132\",\"fax\":\"42\",\"fr\":\"7777\",\"gsdjh\":\"142\",\"id\":28,\"isValid\":1,\"khno\":\"KH20150729090910\",\"khyh\":\"102\",\"khzh\":\"1111\",\"level\":\"战略合作伙伴\",\"myd\":\"☆☆☆☆☆\",\"name\":\"sssss\",\"nyye\":\"sss\",\"phone\":\"32\",\"postCode\":\"22\",\"state\":0,\"updateDate\":1488451603000,\"webSite\":\"52\",\"xyd\":\"☆☆☆☆☆\",\"yyzzzch\":\"112\",\"zczj\":\"122\"},{\"address\":\"321\",\"area\":\"北京\",\"createDate\":1453695319000,\"cusManager\":\"小红\",\"dsdjh\":\"321\",\"fax\":\"321\",\"fr\":\"321\",\"gsdjh\":\"3213\",\"id\":16,\"isValid\":1,\"khno\":\"KH20150526073022\",\"khyh\":\"321\",\"khzh\":\"321\",\"level\":\"大客户\",\"myd\":\"☆\",\"name\":\"风驰科技\",\"nyye\":\"21\",\"phone\":\"321\",\"postCode\":\"21\",\"state\":2,\"updateDate\":1502268330000,\"webSite\":\"321\",\"xyd\":\"☆\",\"yyzzzch\":\"321\",\"zczj\":\"\"},{\"address\":\"北京海淀区双榆树东里15号\",\"area\":\"北京\",\"createDate\":1456370923000,\"cusManager\":\"小张\",\"dsdjh\":\"4422214321321\",\"fax\":\"010-62263393\",\"fr\":\"张三\",\"gsdjh\":\"4104322332\",\"id\":1,\"isValid\":1,\"khno\":\"KH21321321\",\"khyh\":\"中国银行\",\"khzh\":\"6225231243641\",\"level\":\"战略合作伙伴\",\"myd\":\"☆☆☆\",\"name\":\"北京大牛科技\",\"nyye\":\"1111\",\"phone\":\"010-62263393\",\"postCode\":\"100027\",\"state\":1,\"updateDate\":1488438414000,\"webSite\":\"www.daniu.com\",\"xyd\":\"☆☆☆\",\"yyzzzch\":\"420103000057404\",\"zczj\":\"1000\"}]}');
INSERT INTO `t_log` VALUES (180, '首页', 'main', '0', '0:0:0:0:0:0:0:1', NULL, NULL, '{}', '2017-08-21 09:06:11', 2, 'shsxt', '\"main\"');
INSERT INTO `t_log` VALUES (181, '首页', 'main', '0', '0:0:0:0:0:0:0:1', NULL, NULL, '{}', '2017-08-21 10:57:36', 3, 'shsxt', '\"main\"');
INSERT INTO `t_log` VALUES (182, '客户信息管理', 'public java.lang.String com.shsxt.crm.controller.CustomerController.index()', '0', '0:0:0:0:0:0:0:1', NULL, NULL, '{}', '2017-08-21 11:36:34', 6, 'shsxt', '\"customer\"');
INSERT INTO `t_log` VALUES (183, '客户信息管理-分页查询', 'public java.util.Map com.shsxt.crm.controller.CustomerController.selectForPage(com.shsxt.crm.dto.CustomerQuery)', '0', '0:0:0:0:0:0:0:1', NULL, NULL, '{\"page\":[\"1\"],\"rows\":[\"10\"]}', '2017-08-21 11:36:35', 8, 'shsxt', '{\"total\":10,\"rows\":[{\"address\":\"浦东张江高科1号\",\"area\":\"上海\",\"createDate\":1503046805000,\"cusManager\":\"admin1\",\"dsdjh\":\"22\",\"fax\":\"021-89898989\",\"fr\":\"郑昊\",\"gsdjh\":\"22\",\"id\":39,\"isValid\":1,\"khno\":\"KH20170818170004820\",\"khyh\":\"农业银行\",\"khzh\":\"257687888\",\"level\":\"不小的客户1\",\"myd\":\"☆\",\"name\":\"尚学堂-郑昊\",\"nyye\":\"1\",\"phone\":\"13644443333\",\"postCode\":\"200000\",\"state\":0,\"updateDate\":1503047018000,\"webSite\":\"www.shsxt.com\",\"xyd\":\"☆\",\"yyzzzch\":\"420103000057404\",\"zczj\":\"12000\"},{\"address\":\"荣乐中路2369弄42号\",\"area\":\"上海\",\"createDate\":1503046645000,\"cusManager\":\"小明\",\"dsdjh\":\"324234\",\"fax\":\"021-89898989\",\"fr\":\"李林\",\"gsdjh\":\"234234\",\"id\":38,\"isValid\":1,\"khno\":\"KH2017-08-18205\",\"khyh\":\"中国银行\",\"khzh\":\"12345677898990000\",\"level\":\"不小的客户1\",\"myd\":\"☆☆☆☆☆\",\"name\":\"尚学堂-李林学院\",\"nyye\":\"10000000000\",\"phone\":\"13888888888\",\"postCode\":\"200000\",\"state\":0,\"updateDate\":1503047018000,\"webSite\":\"www.shsxt.com\",\"xyd\":\"☆☆☆☆☆\",\"yyzzzch\":\"420103000057404\",\"zczj\":\"1000\"},{\"address\":\"浦东张江高科1号\",\"area\":\"北京\",\"createDate\":1499065424000,\"cusManager\":\"admin1\",\"dsdjh\":\"3242342423\",\"fax\":\"021-89898989\",\"fr\":\"赵老师\",\"gsdjh\":\"234234234\",\"id\":36,\"isValid\":1,\"khno\":\"KH20170703150344713\",\"khyh\":\"中国银行\",\"khzh\":\"89890100001010103947\",\"level\":\"普通客户\",\"myd\":\"☆\",\"name\":\"上海尚学堂浦东校区1\",\"nyye\":\"1\",\"phone\":\"13644443333\",\"postCode\":\"100027\",\"state\":0,\"updateDate\":1499065424000,\"webSite\":\"www.shsxt.com\",\"xyd\":\"☆☆☆☆☆\",\"yyzzzch\":\"420103000057404\",\"zczj\":\"10000000\"},{\"address\":\"浦东张江高科1号11\",\"area\":\"上海\",\"createDate\":1499064974000,\"cusManager\":\"小明\",\"dsdjh\":\"3242342423\",\"fax\":\"021-89898989\",\"fr\":\"廖老师\",\"gsdjh\":\"234234234\",\"id\":35,\"isValid\":1,\"khno\":\"KH20170703145613140\",\"khyh\":\"中国银行\",\"khzh\":\"89890100001010103947\",\"level\":\"重点开发客户\",\"myd\":\"☆\",\"name\":\"上海尚学堂浦东校区\",\"nyye\":\"1\",\"phone\":\"13644443333\",\"postCode\":\"100027\",\"state\":0,\"updateDate\":1499065515000,\"webSite\":\"www.shsxt.com\",\"xyd\":\"☆☆☆☆☆\",\"yyzzzch\":\"420103000057404\",\"zczj\":\"10000000\"},{\"address\":\"浦东新区\",\"area\":\"上海\",\"createDate\":1482827301000,\"cusManager\":\"zs\",\"dsdjh\":\"1000\",\"fax\":\"sxt@sxt.cn\",\"fr\":\"老裴\",\"gsdjh\":\"10000\",\"id\":34,\"isValid\":1,\"khno\":\"KH201612271628316\",\"khyh\":\"工商\",\"khzh\":\"100100000\",\"level\":\"战略合作伙伴\",\"myd\":\"☆☆☆☆☆\",\"name\":\"浦西尚学堂\",\"nyye\":\"22\",\"phone\":\"1001111\",\"postCode\":\"100100\",\"state\":0,\"updateDate\":1488431897000,\"webSite\":\"www.shsxt.com\",\"xyd\":\"☆☆☆☆☆\",\"yyzzzch\":\"1001000\",\"zczj\":\"100\"},{\"address\":\"1111fsdf\",\"area\":\"上海\",\"createDate\":1451639356000,\"cusManager\":\"小红\",\"dsdjh\":\"4535213212\",\"fax\":\"111\",\"fr\":\"老宋\",\"gsdjh\":\"中国\",\"id\":30,\"isValid\":1,\"khno\":\"KH201609011709179\",\"khyh\":\"中国银行\",\"khzh\":\"6225231243641\",\"level\":\"大客户\",\"myd\":\"☆\",\"name\":\"天猫11\",\"nyye\":\"1000000\",\"phone\":\"11111\",\"postCode\":\"200233\",\"state\":1,\"updateDate\":1499161947000,\"webSite\":\"111\",\"xyd\":\"☆☆☆\",\"yyzzzch\":\"11\",\"zczj\":\"1000\"},{\"address\":\"上海市徐汇区虹梅路153\",\"area\":\"北京\",\"createDate\":1472034590000,\"cusManager\":\"小明\",\"dsdjh\":\"4535213212\",\"fax\":\"134\",\"fr\":\"老王\",\"gsdjh\":\"中国\",\"id\":29,\"isValid\":1,\"khno\":\"KH201608241829510\",\"khyh\":\"中国银行\",\"khzh\":\"123456456\",\"level\":\"重点开发客户\",\"myd\":\"☆☆☆☆☆\",\"name\":\"上海聪享科技1\",\"nyye\":\"10000\",\"phone\":\"13666666666\",\"postCode\":\"200233\",\"state\":0,\"updateDate\":1472035571000,\"webSite\":\"www.shsxt.com\",\"xyd\":\"☆\",\"yyzzzch\":\"13344\",\"zczj\":\"100\"},{\"address\":\"62\",\"area\":\"上海\",\"createDate\":1477368939000,\"cusManager\":\"小张\",\"dsdjh\":\"132\",\"fax\":\"42\",\"fr\":\"7777\",\"gsdjh\":\"142\",\"id\":28,\"isValid\":1,\"khno\":\"KH20150729090910\",\"khyh\":\"102\",\"khzh\":\"1111\",\"level\":\"战略合作伙伴\",\"myd\":\"☆☆☆☆☆\",\"name\":\"sssss\",\"nyye\":\"sss\",\"phone\":\"32\",\"postCode\":\"22\",\"state\":0,\"updateDate\":1488451603000,\"webSite\":\"52\",\"xyd\":\"☆☆☆☆☆\",\"yyzzzch\":\"112\",\"zczj\":\"122\"},{\"address\":\"321\",\"area\":\"北京\",\"createDate\":1453695319000,\"cusManager\":\"小红\",\"dsdjh\":\"321\",\"fax\":\"321\",\"fr\":\"321\",\"gsdjh\":\"3213\",\"id\":16,\"isValid\":1,\"khno\":\"KH20150526073022\",\"khyh\":\"321\",\"khzh\":\"321\",\"level\":\"大客户\",\"myd\":\"☆\",\"name\":\"风驰科技\",\"nyye\":\"21\",\"phone\":\"321\",\"postCode\":\"21\",\"state\":2,\"updateDate\":1502268330000,\"webSite\":\"321\",\"xyd\":\"☆\",\"yyzzzch\":\"321\",\"zczj\":\"\"},{\"address\":\"北京海淀区双榆树东里15号\",\"area\":\"北京\",\"createDate\":1456370923000,\"cusManager\":\"小张\",\"dsdjh\":\"4422214321321\",\"fax\":\"010-62263393\",\"fr\":\"张三\",\"gsdjh\":\"4104322332\",\"id\":1,\"isValid\":1,\"khno\":\"KH21321321\",\"khyh\":\"中国银行\",\"khzh\":\"6225231243641\",\"level\":\"战略合作伙伴\",\"myd\":\"☆☆☆\",\"name\":\"北京大牛科技\",\"nyye\":\"1111\",\"phone\":\"010-62263393\",\"postCode\":\"100027\",\"state\":1,\"updateDate\":1488438414000,\"webSite\":\"www.daniu.com\",\"xyd\":\"☆☆☆\",\"yyzzzch\":\"420103000057404\",\"zczj\":\"1000\"}]}');

-- ----------------------------
-- Table structure for t_module
-- ----------------------------
DROP TABLE IF EXISTS `t_module`;
CREATE TABLE `t_module`  (
  `id` int NOT NULL AUTO_INCREMENT,
  `module_name` varchar(255) CHARACTER SET utf8 COLLATE utf8_general_ci NULL DEFAULT NULL COMMENT '资源名称',
  `module_style` varchar(255) CHARACTER SET utf8 COLLATE utf8_general_ci NULL DEFAULT NULL COMMENT '模块样式',
  `url` varchar(255) CHARACTER SET utf8 COLLATE utf8_general_ci NULL DEFAULT NULL COMMENT '地址',
  `parent_id` int NULL DEFAULT NULL,
  `parent_opt_value` varchar(255) CHARACTER SET utf8 COLLATE utf8_general_ci NULL DEFAULT NULL,
  `grade` int NULL DEFAULT NULL COMMENT '等级',
  `opt_value` varchar(255) CHARACTER SET utf8 COLLATE utf8_general_ci NULL DEFAULT NULL COMMENT '权限值',
  `orders` int NULL DEFAULT NULL,
  `is_valid` tinyint NULL DEFAULT NULL,
  `create_date` datetime NULL DEFAULT NULL,
  `update_date` datetime NULL DEFAULT NULL,
  PRIMARY KEY (`id`) USING BTREE
) ENGINE = InnoDB AUTO_INCREMENT = 168 CHARACTER SET = utf8 COLLATE = utf8_general_ci ROW_FORMAT = DYNAMIC;

-- ----------------------------
-- Records of t_module
-- ----------------------------
INSERT INTO `t_module` VALUES (1, '营销管理', '', '', -1, NULL, 0, '10', 1, 1, '2017-09-28 00:00:00', '2020-02-17 15:46:59');
INSERT INTO `t_module` VALUES (2, '营销机会管理', 'fa fa-tty', 'sales/index', 1, NULL, 1, '1010', 1, 1, '2017-09-28 00:00:00', '2020-02-17 15:47:26');
INSERT INTO `t_module` VALUES (3, '营销机会管理添加', '', '', 2, NULL, 2, '101001', 2, 1, '2017-09-28 00:00:00', '2020-02-17 15:47:51');
INSERT INTO `t_module` VALUES (4, '营销机会管理编辑', '', '', 2, NULL, 2, '101002', 2, 1, '2017-09-28 00:00:00', '2017-09-28 00:00:00');
INSERT INTO `t_module` VALUES (5, '营销机会管理删除', '', '', 2, NULL, 2, '101003', 3, 1, '2017-09-28 00:00:00', '2017-09-28 00:00:00');
INSERT INTO `t_module` VALUES (6, '客户开发计划', 'fa fa-handshake-o', 'sales/cus_dev_plan/index', 1, NULL, 1, '1020', 2, 1, '2017-09-28 00:00:00', '2017-09-28 00:00:00');
INSERT INTO `t_module` VALUES (7, '查看详情', '', '', 6, NULL, 2, '102001', 1, 1, '2017-09-28 00:00:00', '2017-09-28 00:00:00');
INSERT INTO `t_module` VALUES (8, '客户管理', '', '', -1, NULL, 0, '20', 3, 1, '2017-07-01 00:00:00', '2017-07-01 00:00:00');
INSERT INTO `t_module` VALUES (9, '客户信息管理', 'fa fa-exchange', 'customer/index', 8, NULL, 1, '2010', 1, 1, '2017-09-06 00:00:00', '2017-09-06 00:00:00');
INSERT INTO `t_module` VALUES (10, '创建', '', '', 9, NULL, 2, '201001', 1, 1, '2017-07-01 00:00:00', '2017-07-01 00:00:00');
INSERT INTO `t_module` VALUES (11, '修改', '', '', 9, NULL, 2, '201002', 2, 1, '2017-07-01 00:00:00', '2017-07-01 00:00:00');
INSERT INTO `t_module` VALUES (12, '客户流失管理', 'fa fa-user-times', 'customer/loss/index', 8, NULL, 1, '2020', 2, 1, '2017-08-17 00:00:00', '2017-08-17 00:00:00');
INSERT INTO `t_module` VALUES (13, '暂缓流失', '', '', 12, NULL, 2, '202001', 1, 1, '2017-09-23 00:00:00', '2017-09-23 00:00:00');
INSERT INTO `t_module` VALUES (14, '统计报表', '', '', -1, NULL, 0, '40', 4, 1, '2017-08-15 00:00:00', '2017-08-15 00:00:00');
INSERT INTO `t_module` VALUES (15, '客户贡献分析', 'fa fa-bar-chart', 'report/contribute/index', 14, NULL, 1, '4010', 1, 1, '2017-08-15 00:00:00', '2017-08-15 00:00:00');
INSERT INTO `t_module` VALUES (16, '服务管理', '', '', -1, NULL, 0, '30', 3, 1, '2017-08-18 00:00:00', '2017-08-18 00:00:00');
INSERT INTO `t_module` VALUES (18, '系统管理', '', '', -1, NULL, 0, '60', 6, 1, '2017-08-18 00:00:00', '2017-08-18 00:00:00');
INSERT INTO `t_module` VALUES (19, '删除', '', '', 9, NULL, 2, '201003', 3, 1, '2017-08-18 00:00:00', '2017-08-18 00:00:00');
INSERT INTO `t_module` VALUES (25, '账号审核', 'fa fa-user-plus', 'audit_account', 18, '', 1, '6010', 6, 1, '2021-05-28 20:36:34', '2021-05-28 20:36:34');
INSERT INTO `t_module` VALUES (26, '用户管理', 'fa fa-users', 'user', 18, NULL, 1, '6020', NULL, 1, '2017-10-24 16:54:12', '2017-10-24 16:54:12');
INSERT INTO `t_module` VALUES (27, '角色管理', 'fa fa-street-view', 'role', 18, NULL, 1, '6030', NULL, 1, '2018-01-13 11:29:17', '2018-01-13 11:29:19');
INSERT INTO `t_module` VALUES (28, '菜单管理', 'fa fa-window-maximize', 'module', 18, NULL, 1, '6040', NULL, 1, '2018-01-13 11:29:40', '2018-01-13 11:29:42');
INSERT INTO `t_module` VALUES (34, '服务创建', 'fa fa-tachometer', 'serve/create/index', 16, NULL, 1, '3010', NULL, 1, '2018-01-16 09:21:59', '2018-01-16 09:22:02');
INSERT INTO `t_module` VALUES (35, '服务分配', 'fa fa-code-fork', 'serve/assign/index', 16, NULL, 1, '3020', NULL, 1, '2018-01-16 09:22:26', '2018-01-16 09:22:28');
INSERT INTO `t_module` VALUES (36, '服务处理', 'fa fa-flash', 'serve/handle/index', 16, NULL, 1, '3030', NULL, 1, '2018-01-16 09:22:47', '2018-01-16 09:22:50');
INSERT INTO `t_module` VALUES (37, '服务反馈', 'fa fa-exclamation', 'serve/feedback/index', 16, NULL, 1, '3040', NULL, 1, '2018-01-16 09:23:11', '2018-01-16 09:23:13');
INSERT INTO `t_module` VALUES (38, '服务归档', 'fa fa-folder-o', 'serve/archive/index', 16, NULL, 1, '3050', NULL, 1, '2018-01-16 09:23:37', '2018-01-16 09:23:39');
INSERT INTO `t_module` VALUES (39, '客户构成分析', 'fa fa-cubes', 'report/composition/index', 14, NULL, 2, '4020', NULL, 1, '2018-01-16 14:57:24', '2018-01-16 14:57:27');
INSERT INTO `t_module` VALUES (40, '客户服务分析', 'fa fa-coffee', 'report/serve/index', 14, NULL, 2, '4030', NULL, 1, '2018-01-16 16:14:48', '2018-01-16 16:14:50');
INSERT INTO `t_module` VALUES (44, '营销机会管理修改', '', '', 2, NULL, 2, '101004', NULL, 1, '2019-09-25 15:22:12', '2020-01-15 10:43:09');
INSERT INTO `t_module` VALUES (109, '客户流失分析', 'fa fa-user-times', 'report/loss/index', 14, NULL, 1, '4060', NULL, 1, '2019-11-09 16:31:58', '2019-11-09 16:31:58');
INSERT INTO `t_module` VALUES (126, '流失管理添加', '', '', 12, NULL, 2, '123213', 12323, 1, '2020-02-17 15:25:53', '2020-02-17 15:25:53');
INSERT INTO `t_module` VALUES (130, '用户添加', '', '', 26, NULL, 2, '602001', NULL, 1, '2020-02-17 15:55:45', '2020-02-17 15:55:45');
INSERT INTO `t_module` VALUES (131, '用户查询', '', '', 26, NULL, 2, '602002', NULL, 1, '2020-02-17 15:56:04', '2020-02-17 15:56:04');
INSERT INTO `t_module` VALUES (132, '用户修改', '', '', 26, NULL, 2, '602003', NULL, 1, '2020-02-17 15:56:20', '2020-02-17 15:56:20');
INSERT INTO `t_module` VALUES (133, '用户删除', '', '', 26, NULL, 2, '602004', NULL, 1, '2020-02-17 15:56:36', '2020-02-17 15:56:36');
INSERT INTO `t_module` VALUES (134, '角色添加', '', '', 27, NULL, 2, '603001', NULL, 1, '2020-02-17 15:56:53', '2020-02-17 15:56:53');
INSERT INTO `t_module` VALUES (135, '角色查询', '', '', 27, NULL, 2, '603002', NULL, 1, '2020-02-17 15:57:08', '2020-02-17 15:57:08');
INSERT INTO `t_module` VALUES (136, '角色修改', '', '', 27, NULL, 2, '603003', NULL, 1, '2020-02-17 15:57:23', '2020-02-17 15:57:23');
INSERT INTO `t_module` VALUES (137, '角色删除', '', '', 27, NULL, 2, '603004', NULL, 1, '2020-02-17 15:57:37', '2020-02-17 15:57:37');
INSERT INTO `t_module` VALUES (138, '资源添加', '', '', 28, NULL, 2, '604001', NULL, 1, '2020-02-17 15:57:57', '2020-02-17 15:57:57');
INSERT INTO `t_module` VALUES (139, '资源查询', '', '', 28, NULL, 2, '604002', NULL, 1, '2020-02-17 15:58:18', '2020-02-17 15:58:18');
INSERT INTO `t_module` VALUES (140, '资源修改', '', '', 28, NULL, 2, '604003', NULL, 1, '2020-02-17 15:58:31', '2020-02-17 15:58:31');
INSERT INTO `t_module` VALUES (141, '资源删除', '', '', 28, NULL, 2, '604004', NULL, 1, '2020-02-17 15:58:45', '2020-02-17 15:58:45');
INSERT INTO `t_module` VALUES (147, '服务创建查询', '', '', 34, NULL, 2, '301001', NULL, 1, '2020-02-20 21:32:39', '2020-02-20 21:34:40');
INSERT INTO `t_module` VALUES (149, '服务分配查询', '', '', 35, NULL, 2, '302001', NULL, 1, '2020-02-20 21:34:31', '2020-02-20 21:34:31');
INSERT INTO `t_module` VALUES (150, '服务处理查询', '', '', 36, NULL, 2, '303001', NULL, 1, '2020-02-20 21:34:56', '2020-02-20 21:34:56');
INSERT INTO `t_module` VALUES (151, '服务处理', '', '', 36, NULL, 2, '303002', NULL, 1, '2020-02-20 21:35:20', '2020-02-20 21:35:20');
INSERT INTO `t_module` VALUES (152, '服务反馈查询', '', '', 37, NULL, 2, '304001', NULL, 1, '2020-02-20 21:35:43', '2020-02-20 21:35:43');
INSERT INTO `t_module` VALUES (153, '服务反馈', '', '', 37, NULL, 2, '304002', NULL, 1, '2020-02-20 21:35:57', '2020-02-20 21:35:57');
INSERT INTO `t_module` VALUES (167, '审核状态', '', '', 25, '', 3, '601010', 6, 1, '2021-05-28 20:40:01', '2021-05-28 20:40:01');

-- ----------------------------
-- Table structure for t_order_details
-- ----------------------------
DROP TABLE IF EXISTS `t_order_details`;
CREATE TABLE `t_order_details`  (
  `id` int NOT NULL AUTO_INCREMENT,
  `order_id` int NULL DEFAULT NULL,
  `goods_name` varchar(100) CHARACTER SET utf8 COLLATE utf8_general_ci NULL DEFAULT NULL,
  `goods_num` int NULL DEFAULT NULL,
  `unit` varchar(20) CHARACTER SET utf8 COLLATE utf8_general_ci NULL DEFAULT NULL,
  `price` float NULL DEFAULT NULL,
  `sum` float NULL DEFAULT NULL,
  `is_valid` int NULL DEFAULT 1,
  `create_date` datetime NULL DEFAULT NULL,
  `update_date` datetime NULL DEFAULT NULL,
  PRIMARY KEY (`id`) USING BTREE
) ENGINE = InnoDB AUTO_INCREMENT = 7 CHARACTER SET = utf8 COLLATE = utf8_general_ci ROW_FORMAT = DYNAMIC;

-- ----------------------------
-- Records of t_order_details
-- ----------------------------
INSERT INTO `t_order_details` VALUES (1, 5, '联想笔记本', 2, '台', 4900, 9800, 1, '2016-11-29 14:59:32', '2016-11-29 14:59:34');
INSERT INTO `t_order_details` VALUES (2, 5, '惠普音响', 4, '台', 200, 800, 1, NULL, NULL);
INSERT INTO `t_order_details` VALUES (3, 5, '罗技键盘', 10, '个', 90, 900, 1, NULL, NULL);
INSERT INTO `t_order_details` VALUES (4, 6, '艾利鼠标', 20, '个', 20, 400, 1, NULL, NULL);
INSERT INTO `t_order_details` VALUES (5, 6, '东芝U盘', 5, '个', 105, 525, 1, NULL, NULL);
INSERT INTO `t_order_details` VALUES (6, 6, '充电器', 1, '个', 30, 30, 1, NULL, NULL);

-- ----------------------------
-- Table structure for t_permission
-- ----------------------------
DROP TABLE IF EXISTS `t_permission`;
CREATE TABLE `t_permission`  (
  `id` int NOT NULL AUTO_INCREMENT,
  `role_id` int NULL DEFAULT NULL COMMENT '角色ID',
  `module_id` int NULL DEFAULT NULL COMMENT '模块ID',
  `acl_value` varchar(255) CHARACTER SET utf8 COLLATE utf8_general_ci NULL DEFAULT NULL COMMENT '权限值',
  `create_date` datetime NULL DEFAULT NULL ON UPDATE CURRENT_TIMESTAMP,
  `update_date` datetime NULL DEFAULT NULL ON UPDATE CURRENT_TIMESTAMP,
  `is_valid` tinyint NULL DEFAULT NULL,
  PRIMARY KEY (`id`) USING BTREE
) ENGINE = InnoDB AUTO_INCREMENT = 726 CHARACTER SET = utf8 COLLATE = utf8_general_ci ROW_FORMAT = DYNAMIC;

-- ----------------------------
-- Records of t_permission
-- ----------------------------
INSERT INTO `t_permission` VALUES (563, 1, 1, '', '2021-05-28 21:26:15', '2021-05-28 21:26:15', 1);
INSERT INTO `t_permission` VALUES (564, 1, 2, '', '2021-05-28 21:26:15', '2021-05-28 21:26:15', 1);
INSERT INTO `t_permission` VALUES (565, 1, 3, '', '2021-05-28 21:26:15', '2021-05-28 21:26:15', 1);
INSERT INTO `t_permission` VALUES (566, 1, 4, '', '2021-05-28 21:26:15', '2021-05-28 21:26:15', 1);
INSERT INTO `t_permission` VALUES (567, 1, 5, '', '2021-05-28 21:26:15', '2021-05-28 21:26:15', 1);
INSERT INTO `t_permission` VALUES (568, 1, 6, '', '2021-05-28 21:26:15', '2021-05-28 21:26:15', 1);
INSERT INTO `t_permission` VALUES (569, 1, 7, '', '2021-05-28 21:26:15', '2021-05-28 21:26:15', 1);
INSERT INTO `t_permission` VALUES (570, 1, 8, '', '2021-05-28 21:26:15', '2021-05-28 21:26:15', 1);
INSERT INTO `t_permission` VALUES (571, 1, 9, '', '2021-05-28 21:26:15', '2021-05-28 21:26:15', 1);
INSERT INTO `t_permission` VALUES (572, 1, 10, '', '2021-05-28 21:26:15', '2021-05-28 21:26:15', 1);
INSERT INTO `t_permission` VALUES (573, 1, 11, '', '2021-05-28 21:26:15', '2021-05-28 21:26:15', 1);
INSERT INTO `t_permission` VALUES (574, 1, 12, '', '2021-05-28 21:26:15', '2021-05-28 21:26:15', 1);
INSERT INTO `t_permission` VALUES (575, 1, 13, '', '2021-05-28 21:26:15', '2021-05-28 21:26:15', 1);
INSERT INTO `t_permission` VALUES (576, 1, 14, '', '2021-05-28 21:26:15', '2021-05-28 21:26:15', 1);
INSERT INTO `t_permission` VALUES (577, 1, 15, '', '2021-05-28 21:26:15', '2021-05-28 21:26:15', 1);
INSERT INTO `t_permission` VALUES (578, 1, 16, '', '2021-05-28 21:26:15', '2021-05-28 21:26:15', 1);
INSERT INTO `t_permission` VALUES (579, 1, 18, '', '2021-05-28 21:26:15', '2021-05-28 21:26:15', 1);
INSERT INTO `t_permission` VALUES (580, 1, 19, '', '2021-05-28 21:26:15', '2021-05-28 21:26:15', 1);
INSERT INTO `t_permission` VALUES (581, 1, 25, '', '2021-05-28 21:26:15', '2021-05-28 21:26:15', 1);
INSERT INTO `t_permission` VALUES (582, 1, 26, '', '2021-05-28 21:26:15', '2021-05-28 21:26:15', 1);
INSERT INTO `t_permission` VALUES (583, 1, 27, '', '2021-05-28 21:26:15', '2021-05-28 21:26:15', 1);
INSERT INTO `t_permission` VALUES (584, 1, 28, '', '2021-05-28 21:26:15', '2021-05-28 21:26:15', 1);
INSERT INTO `t_permission` VALUES (585, 1, 34, '', '2021-05-28 21:26:15', '2021-05-28 21:26:15', 1);
INSERT INTO `t_permission` VALUES (586, 1, 35, '', '2021-05-28 21:26:15', '2021-05-28 21:26:15', 1);
INSERT INTO `t_permission` VALUES (587, 1, 36, '', '2021-05-28 21:26:15', '2021-05-28 21:26:15', 1);
INSERT INTO `t_permission` VALUES (588, 1, 37, '', '2021-05-28 21:26:15', '2021-05-28 21:26:15', 1);
INSERT INTO `t_permission` VALUES (589, 1, 38, '', '2021-05-28 21:26:15', '2021-05-28 21:26:15', 1);
INSERT INTO `t_permission` VALUES (590, 1, 39, '', '2021-05-28 21:26:15', '2021-05-28 21:26:15', 1);
INSERT INTO `t_permission` VALUES (591, 1, 40, '', '2021-05-28 21:26:15', '2021-05-28 21:26:15', 1);
INSERT INTO `t_permission` VALUES (592, 1, 44, '', '2021-05-28 21:26:15', '2021-05-28 21:26:15', 1);
INSERT INTO `t_permission` VALUES (593, 1, 109, '', '2021-05-28 21:26:15', '2021-05-28 21:26:15', 1);
INSERT INTO `t_permission` VALUES (594, 1, 126, '', '2021-05-28 21:26:15', '2021-05-28 21:26:15', 1);
INSERT INTO `t_permission` VALUES (595, 1, 130, '', '2021-05-28 21:26:15', '2021-05-28 21:26:15', 1);
INSERT INTO `t_permission` VALUES (596, 1, 131, '', '2021-05-28 21:26:15', '2021-05-28 21:26:15', 1);
INSERT INTO `t_permission` VALUES (597, 1, 132, '', '2021-05-28 21:26:15', '2021-05-28 21:26:15', 1);
INSERT INTO `t_permission` VALUES (598, 1, 133, '', '2021-05-28 21:26:15', '2021-05-28 21:26:15', 1);
INSERT INTO `t_permission` VALUES (599, 1, 134, '', '2021-05-28 21:26:15', '2021-05-28 21:26:15', 1);
INSERT INTO `t_permission` VALUES (600, 1, 135, '', '2021-05-28 21:26:15', '2021-05-28 21:26:15', 1);
INSERT INTO `t_permission` VALUES (601, 1, 136, '', '2021-05-28 21:26:15', '2021-05-28 21:26:15', 1);
INSERT INTO `t_permission` VALUES (602, 1, 137, '', '2021-05-28 21:26:15', '2021-05-28 21:26:15', 1);
INSERT INTO `t_permission` VALUES (603, 1, 138, '', '2021-05-28 21:26:15', '2021-05-28 21:26:15', 1);
INSERT INTO `t_permission` VALUES (604, 1, 139, '', '2021-05-28 21:26:15', '2021-05-28 21:26:15', 1);
INSERT INTO `t_permission` VALUES (605, 1, 140, '', '2021-05-28 21:26:15', '2021-05-28 21:26:15', 1);
INSERT INTO `t_permission` VALUES (606, 1, 141, '', '2021-05-28 21:26:15', '2021-05-28 21:26:15', 1);
INSERT INTO `t_permission` VALUES (607, 1, 147, '', '2021-05-28 21:26:15', '2021-05-28 21:26:15', 1);
INSERT INTO `t_permission` VALUES (608, 1, 149, '', '2021-05-28 21:26:15', '2021-05-28 21:26:15', 1);
INSERT INTO `t_permission` VALUES (609, 1, 150, '', '2021-05-28 21:26:15', '2021-05-28 21:26:15', 1);
INSERT INTO `t_permission` VALUES (610, 1, 151, '', '2021-05-28 21:26:15', '2021-05-28 21:26:15', 1);
INSERT INTO `t_permission` VALUES (611, 1, 152, '', '2021-05-28 21:26:15', '2021-05-28 21:26:15', 1);
INSERT INTO `t_permission` VALUES (612, 1, 153, '', '2021-05-28 21:26:15', '2021-05-28 21:26:15', 1);
INSERT INTO `t_permission` VALUES (613, 1, 167, '', '2021-05-28 21:26:15', '2021-05-28 21:26:15', 1);
INSERT INTO `t_permission` VALUES (697, 2, 1, '', '2021-05-28 21:43:39', '2021-05-28 21:43:39', 1);
INSERT INTO `t_permission` VALUES (698, 2, 2, '', '2021-05-28 21:43:39', '2021-05-28 21:43:39', 1);
INSERT INTO `t_permission` VALUES (699, 2, 4, '', '2021-05-28 21:43:39', '2021-05-28 21:43:39', 1);
INSERT INTO `t_permission` VALUES (700, 2, 6, '', '2021-05-28 21:43:39', '2021-05-28 21:43:39', 1);
INSERT INTO `t_permission` VALUES (701, 2, 7, '', '2021-05-28 21:43:39', '2021-05-28 21:43:39', 1);
INSERT INTO `t_permission` VALUES (702, 2, 14, '', '2021-05-28 21:43:39', '2021-05-28 21:43:39', 1);
INSERT INTO `t_permission` VALUES (703, 2, 15, '', '2021-05-28 21:43:39', '2021-05-28 21:43:39', 1);
INSERT INTO `t_permission` VALUES (704, 2, 18, '', '2021-05-28 21:43:39', '2021-05-28 21:43:39', 1);
INSERT INTO `t_permission` VALUES (705, 2, 26, '', '2021-05-28 21:43:39', '2021-05-28 21:43:39', 1);
INSERT INTO `t_permission` VALUES (706, 2, 27, '', '2021-05-28 21:43:39', '2021-05-28 21:43:39', 1);
INSERT INTO `t_permission` VALUES (707, 2, 28, '', '2021-05-28 21:43:39', '2021-05-28 21:43:39', 1);
INSERT INTO `t_permission` VALUES (708, 2, 39, '', '2021-05-28 21:43:39', '2021-05-28 21:43:39', 1);
INSERT INTO `t_permission` VALUES (709, 2, 40, '', '2021-05-28 21:43:39', '2021-05-28 21:43:39', 1);
INSERT INTO `t_permission` VALUES (710, 2, 44, '', '2021-05-28 21:43:39', '2021-05-28 21:43:39', 1);
INSERT INTO `t_permission` VALUES (711, 2, 109, '', '2021-05-28 21:43:39', '2021-05-28 21:43:39', 1);
INSERT INTO `t_permission` VALUES (712, 2, 130, '', '2021-05-28 21:43:39', '2021-05-28 21:43:39', 1);
INSERT INTO `t_permission` VALUES (713, 2, 131, '', '2021-05-28 21:43:39', '2021-05-28 21:43:39', 1);
INSERT INTO `t_permission` VALUES (714, 2, 132, '', '2021-05-28 21:43:39', '2021-05-28 21:43:39', 1);
INSERT INTO `t_permission` VALUES (715, 2, 133, '', '2021-05-28 21:43:39', '2021-05-28 21:43:39', 1);
INSERT INTO `t_permission` VALUES (716, 2, 134, '', '2021-05-28 21:43:39', '2021-05-28 21:43:39', 1);
INSERT INTO `t_permission` VALUES (717, 2, 135, '', '2021-05-28 21:43:39', '2021-05-28 21:43:39', 1);
INSERT INTO `t_permission` VALUES (718, 2, 136, '', '2021-05-28 21:43:39', '2021-05-28 21:43:39', 1);
INSERT INTO `t_permission` VALUES (719, 2, 137, '', '2021-05-28 21:43:39', '2021-05-28 21:43:39', 1);
INSERT INTO `t_permission` VALUES (720, 2, 138, '', '2021-05-28 21:43:39', '2021-05-28 21:43:39', 1);
INSERT INTO `t_permission` VALUES (721, 2, 139, '', '2021-05-28 21:43:39', '2021-05-28 21:43:39', 1);
INSERT INTO `t_permission` VALUES (722, 2, 140, '', '2021-05-28 21:43:39', '2021-05-28 21:43:39', 1);
INSERT INTO `t_permission` VALUES (723, 2, 141, '', '2021-05-28 21:43:39', '2021-05-28 21:43:39', 1);

-- ----------------------------
-- Table structure for t_product
-- ----------------------------
DROP TABLE IF EXISTS `t_product`;
CREATE TABLE `t_product`  (
  `id` int NOT NULL AUTO_INCREMENT,
  `product_name` varchar(300) CHARACTER SET utf8 COLLATE utf8_general_ci NULL DEFAULT NULL,
  `model` varchar(150) CHARACTER SET utf8 COLLATE utf8_general_ci NULL DEFAULT NULL,
  `unit` varchar(60) CHARACTER SET utf8 COLLATE utf8_general_ci NULL DEFAULT NULL,
  `price` float NULL DEFAULT NULL,
  `store` double NULL DEFAULT NULL,
  `remark` varchar(3000) CHARACTER SET utf8 COLLATE utf8_general_ci NULL DEFAULT NULL,
  `is_valid` tinyint NULL DEFAULT 1,
  `create_date` datetime NULL DEFAULT NULL,
  `update_date` datetime NULL DEFAULT NULL,
  PRIMARY KEY (`id`) USING BTREE
) ENGINE = InnoDB AUTO_INCREMENT = 2 CHARACTER SET = utf8 COLLATE = utf8_general_ci ROW_FORMAT = DYNAMIC;

-- ----------------------------
-- Records of t_product
-- ----------------------------
INSERT INTO `t_product` VALUES (1, '联想笔记本', 'Y450', '台', 4500, 120, '好', 1, NULL, NULL);

-- ----------------------------
-- Table structure for t_role
-- ----------------------------
DROP TABLE IF EXISTS `t_role`;
CREATE TABLE `t_role`  (
  `id` int NOT NULL AUTO_INCREMENT,
  `role_name` varchar(255) CHARACTER SET utf8 COLLATE utf8_general_ci NULL DEFAULT NULL,
  `role_remark` varchar(255) CHARACTER SET utf8 COLLATE utf8_general_ci NULL DEFAULT NULL COMMENT '备注',
  `create_date` datetime NULL DEFAULT NULL,
  `update_date` datetime NULL DEFAULT NULL,
  `is_valid` int NULL DEFAULT NULL,
  PRIMARY KEY (`id`) USING BTREE
) ENGINE = InnoDB AUTO_INCREMENT = 17 CHARACTER SET = utf8 COLLATE = utf8_general_ci ROW_FORMAT = DYNAMIC;

-- ----------------------------
-- Records of t_role
-- ----------------------------
INSERT INTO `t_role` VALUES (1, '系统管理员', '系统管理员\r\n系统管理员111', '2016-12-01 00:00:00', '2017-08-18 11:50:31', 1);
INSERT INTO `t_role` VALUES (2, '销售主管', '销售主管', '2016-12-01 00:00:00', '2016-12-01 00:00:00', 1);
INSERT INTO `t_role` VALUES (3, '客户经理', '客户经理', '2016-12-01 00:00:00', '2016-12-01 00:00:00', 1);
INSERT INTO `t_role` VALUES (4, '技术经理', '负责研发', '2017-06-30 14:50:24', '2017-06-30 14:50:24', 1);
INSERT INTO `t_role` VALUES (16, '测试角色', '测试角色', '2021-05-26 19:14:29', '2021-05-26 19:14:59', 1);

-- ----------------------------
-- Table structure for t_sale_chance
-- ----------------------------
DROP TABLE IF EXISTS `t_sale_chance`;
CREATE TABLE `t_sale_chance`  (
  `id` int NOT NULL AUTO_INCREMENT,
  `chance_source` varchar(300) CHARACTER SET utf8 COLLATE utf8_general_ci NULL DEFAULT NULL COMMENT '机会来源',
  `customer_id` int NULL DEFAULT NULL,
  `customer_name` varchar(100) CHARACTER SET utf8 COLLATE utf8_general_ci NULL DEFAULT NULL,
  `cgjl` int NULL DEFAULT NULL,
  `overview` varchar(300) CHARACTER SET utf8 COLLATE utf8_general_ci NULL DEFAULT NULL,
  `link_man` varchar(100) CHARACTER SET utf8 COLLATE utf8_general_ci NULL DEFAULT NULL,
  `link_phone` varchar(100) CHARACTER SET utf8 COLLATE utf8_general_ci NULL DEFAULT NULL,
  `description` varchar(1000) CHARACTER SET utf8 COLLATE utf8_general_ci NULL DEFAULT NULL,
  `create_man` varchar(100) CHARACTER SET utf8 COLLATE utf8_general_ci NULL DEFAULT NULL,
  `assign_man` varchar(100) CHARACTER SET utf8 COLLATE utf8_general_ci NULL DEFAULT NULL,
  `assign_time` datetime NULL DEFAULT NULL,
  `state` int NULL DEFAULT NULL,
  `dev_result` int NULL DEFAULT NULL,
  `is_valid` int NULL DEFAULT NULL,
  `create_date` datetime NULL DEFAULT NULL,
  `update_date` datetime NULL DEFAULT NULL,
  PRIMARY KEY (`id`) USING BTREE
) ENGINE = InnoDB AUTO_INCREMENT = 71 CHARACTER SET = utf8 COLLATE = utf8_general_ci ROW_FORMAT = DYNAMIC;

-- ----------------------------
-- Records of t_sale_chance
-- ----------------------------
INSERT INTO `t_sale_chance` VALUES (1, '主动来找的', NULL, '风软科技', 100, '采购笔记本意向', '张先生', '137234576543', '。。。', 'Jack', '', NULL, 0, 0, 0, '2016-08-23 20:56:26', NULL);
INSERT INTO `t_sale_chance` VALUES (2, '朋友介绍', NULL, '123', 12, '呵呵呵', 'Jack', '15999999999', '', 'shsxt', '', NULL, 0, 0, 0, '2016-08-23 20:56:26', '2016-08-23 18:05:21');
INSERT INTO `t_sale_chance` VALUES (8, NULL, NULL, '7', NULL, NULL, NULL, NULL, NULL, NULL, '', NULL, 0, 0, 0, '2016-08-23 20:56:26', NULL);
INSERT INTO `t_sale_chance` VALUES (9, 'test', NULL, '1111', 19, 'test', 'test', '123', 'test', '', '', NULL, 0, 0, 0, '2016-08-23 20:56:26', '2017-02-28 20:04:43');
INSERT INTO `t_sale_chance` VALUES (10, NULL, NULL, '9', NULL, NULL, NULL, NULL, NULL, NULL, '', NULL, 0, 0, 0, '2016-08-23 20:56:26', NULL);
INSERT INTO `t_sale_chance` VALUES (11, '', NULL, 'qqqq', 1, '', '', '', '', 'Tony', '', NULL, 0, 0, 0, '2016-08-23 20:56:26', '2017-02-28 21:07:42');
INSERT INTO `t_sale_chance` VALUES (12, NULL, NULL, '11', NULL, NULL, NULL, NULL, NULL, NULL, '', NULL, 0, 0, 0, '2016-08-23 20:56:26', NULL);
INSERT INTO `t_sale_chance` VALUES (13, '', NULL, '21', 1, '', '', '', '', '21', '', NULL, 0, 0, 1, '2016-08-23 20:56:26', NULL);
INSERT INTO `t_sale_chance` VALUES (14, '2', NULL, '1', 5, '6', '3', '4', '7', '8', '', NULL, 0, 0, 1, '2016-08-23 20:56:26', NULL);
INSERT INTO `t_sale_chance` VALUES (15, '213', NULL, '11', 0, '', '', '', '', '221', '', NULL, 0, 0, 0, '2016-08-23 20:56:26', '2017-02-28 20:05:13');
INSERT INTO `t_sale_chance` VALUES (16, '22', NULL, '我我我我', 55, '66', '33', '44', '77', '88', '', NULL, 0, 0, 0, '2016-08-23 20:56:26', '2017-02-28 20:58:22');
INSERT INTO `t_sale_chance` VALUES (17, '321', NULL, '3333', 1, '321', '321', '213', '321', 'Tony', '', NULL, 0, 0, 0, '2016-08-23 20:56:26', '2017-02-28 21:00:53');
INSERT INTO `t_sale_chance` VALUES (18, '321', NULL, '321', 11, '321', '321', '213', '321', 'Jack', '', NULL, 0, 0, 1, '2016-08-23 20:56:26', '2016-08-23 21:08:06');
INSERT INTO `t_sale_chance` VALUES (19, '321', NULL, '213', 21, '21', '21', '321', '321', 'Jack', '', NULL, 0, 0, 1, '2016-08-23 20:56:26', '2016-08-23 21:08:00');
INSERT INTO `t_sale_chance` VALUES (20, '321', NULL, '213', 100, '321', '321', '321', '321', 'Jack', '', NULL, 0, 0, 1, '2016-08-23 20:56:26', '2016-09-08 09:54:07');
INSERT INTO `t_sale_chance` VALUES (21, '行业介绍', NULL, '大鸟爱科技', 80, '阿凡达深刻理解', '张先生', '0231-321321', '发达放大空间发大水发大水了发', 'Jack', '', NULL, 0, 0, 1, '2016-08-23 20:56:26', '2016-08-23 21:06:27');
INSERT INTO `t_sale_chance` VALUES (22, '同行介绍', NULL, '鸟人科技', 90, '采购IBM服务器意向', '张三', '2321321321', ',...', 'Jack', '', NULL, 0, 0, 1, '2016-08-23 20:56:26', '2016-08-23 21:04:17');
INSERT INTO `t_sale_chance` VALUES (23, '朋友介绍', NULL, 'BonApp信息科技有限公司', 19, '需要Java开发', 'Tony', '12555555555', NULL, 'shsxt', '', NULL, 0, 0, 1, '2016-08-23 20:56:26', '2016-09-01 10:14:18');
INSERT INTO `t_sale_chance` VALUES (24, '同事推荐', NULL, '阿里巴巴', 10, '采购服务器', 'Jake', '1388888888', 'qqqq', 'shsxt', '', NULL, 0, 0, 1, '2016-08-23 20:56:26', '2016-09-01 10:14:07');
INSERT INTO `t_sale_chance` VALUES (25, '4321', NULL, '1234', 12, '', '1', '1', '', 'shsxt', '', NULL, 0, 0, 0, '2016-08-24 12:01:52', '2016-08-24 15:31:48');
INSERT INTO `t_sale_chance` VALUES (26, '老宋推荐', NULL, '王宝强2', 10, '咨询服务器的价格', '马蓉', '12555555555', '咨询服务器的价格', 'shsxt', '', NULL, 0, 0, 1, '2016-08-30 16:53:01', '2016-11-24 10:43:22');
INSERT INTO `t_sale_chance` VALUES (27, '网易', NULL, 'lp', 50, '123123', 'shsxt', '23123123', '123123', 'shsxt', '', NULL, 0, 0, 1, '2016-09-08 09:53:09', '2016-12-05 22:32:38');
INSERT INTO `t_sale_chance` VALUES (28, 'shsxt', NULL, 'sxt007', 10, '123123', 'sxt001', '123123', '123123', 'shsxt', '', NULL, 0, 0, 0, '2016-09-08 09:56:11', '2016-09-08 09:57:46');
INSERT INTO `t_sale_chance` VALUES (29, 'test', NULL, 'test001', 100, NULL, 'asda', 'asd', '123', 'shsxt', '', NULL, 0, 0, 0, '2016-11-23 11:39:49', '2016-11-23 11:39:58');
INSERT INTO `t_sale_chance` VALUES (30, '尚学堂推荐', NULL, 'test001', 90, NULL, '老裴', '100100', '企业值得信任', 'shsxt', '', NULL, 0, 0, 1, '2016-12-26 17:34:32', '2016-12-26 17:34:32');
INSERT INTO `t_sale_chance` VALUES (31, '上海尚学堂', NULL, 'test002', 90, '老马推荐的  不用过多描述', '老马', '100111', '老马推荐的  不用过多描述', 'shsxt', '', NULL, 0, 0, 1, '2016-12-26 17:37:34', '2016-12-26 17:46:50');
INSERT INTO `t_sale_chance` VALUES (32, 'sxt', NULL, 'test003', 90, '尚学堂推荐', '老马', '100111', '尚学堂推荐', 'shsxt', '', NULL, 0, 0, 1, '2016-12-27 14:33:44', '2016-12-27 14:33:44');
INSERT INTO `t_sale_chance` VALUES (33, 'qqq', NULL, 'ssss', 11, NULL, 'qqq', '111', '11', '', '', NULL, 0, 0, 1, '2017-02-28 18:32:16', '2017-02-28 18:32:16');
INSERT INTO `t_sale_chance` VALUES (34, 'admin', NULL, 'admin', 22, NULL, 'admib', '123', '222', '', '', NULL, 0, 0, 1, '2017-02-28 18:33:17', '2017-02-28 18:33:17');
INSERT INTO `t_sale_chance` VALUES (35, 'hello', NULL, 'hello', 100, NULL, 'hello', '12345', 'hell0', '', '', NULL, 0, 0, 1, '2017-02-28 18:47:22', '2017-02-28 18:47:22');
INSERT INTO `t_sale_chance` VALUES (36, 'hujichao', NULL, 'hujichao', 100, NULL, 'hujichao', '12345', 'hujichao', '', '', NULL, 0, 0, 1, '2017-02-28 19:07:37', '2017-02-28 19:07:37');
INSERT INTO `t_sale_chance` VALUES (37, 'ooooo', NULL, 'ooooo', 0, '000', 'ooooooo', '0000000', '0000', '', '', NULL, 0, 0, 1, '2017-02-28 19:09:23', '2017-02-28 19:09:23');
INSERT INTO `t_sale_chance` VALUES (38, 'sssssssssssssss', NULL, '333333', 100, '222', 'aaaaaaaaaaaaaaaa', '222222222', '22', 'Tony', '', NULL, 0, 0, 0, '2017-02-28 21:01:17', '2017-02-28 21:01:38');
INSERT INTO `t_sale_chance` VALUES (39, 'sawork', NULL, 'sawork', 22, 'sakl', 'sawo', '12345', 'sakl', '', '', NULL, 0, 0, 1, '2017-03-01 12:22:35', '2017-03-01 12:22:35');
INSERT INTO `t_sale_chance` VALUES (40, 'Tree', NULL, 'tree', 100, 'Tree', 'Tree', '123456', 'Tree', '', '', NULL, 0, 0, 1, '2017-03-01 18:15:20', '2017-03-01 18:15:20');
INSERT INTO `t_sale_chance` VALUES (41, '', NULL, '', NULL, '', '', '', '', '', '', NULL, 0, 0, 0, '2017-03-01 18:17:15', '2017-03-01 18:17:15');
INSERT INTO `t_sale_chance` VALUES (42, '', NULL, 'aaaa', NULL, '', '', '', '', '', '', NULL, 0, 0, 0, '2017-03-01 18:20:19', '2017-03-01 18:20:19');
INSERT INTO `t_sale_chance` VALUES (43, '', NULL, 'ddd', NULL, '', '', '', '', '', '', NULL, 0, 0, 0, '2017-03-01 18:22:53', '2017-03-01 18:22:53');
INSERT INTO `t_sale_chance` VALUES (44, '', NULL, 'ssss', NULL, '', '', '', '', '', '', NULL, 0, 0, 1, '2017-03-01 18:23:30', '2017-03-01 18:23:30');
INSERT INTO `t_sale_chance` VALUES (45, '', NULL, 'ssss', NULL, '', '', '', '', '', '', NULL, 0, 0, 1, '2017-03-01 18:50:25', '2017-03-01 18:50:25');
INSERT INTO `t_sale_chance` VALUES (46, '', NULL, 'saassa', NULL, '', '', '', '', '', '', NULL, 0, 0, 1, '2017-03-01 18:52:55', '2017-03-01 18:52:55');
INSERT INTO `t_sale_chance` VALUES (47, '', NULL, '', 10, '', 'sadsad', '', '', '', '', NULL, 0, 0, 1, '2017-03-01 18:56:23', '2017-03-01 18:56:23');
INSERT INTO `t_sale_chance` VALUES (48, '', NULL, '', 21, '', 'w', '21313213', '', '', '', NULL, 0, 0, 0, '2017-03-01 18:56:57', '2017-03-01 18:56:57');
INSERT INTO `t_sale_chance` VALUES (49, '', NULL, 'aaaaaaaaaaaa', NULL, '', '', '', '', '', '', NULL, 0, 0, 0, '2017-03-01 18:58:35', '2017-06-30 11:04:31');
INSERT INTO `t_sale_chance` VALUES (50, '', NULL, 'sadads', NULL, '', '', '', '', '', '', NULL, 0, 0, 1, '2017-03-01 19:00:01', '2017-03-01 19:00:01');
INSERT INTO `t_sale_chance` VALUES (51, '', NULL, 'sadsa', 12, '', '', '', '', '', '', NULL, 0, 0, 1, '2017-03-01 19:01:44', '2017-03-01 19:01:44');
INSERT INTO `t_sale_chance` VALUES (52, '', NULL, 'sada', NULL, '', '', '', '', '', '', NULL, 0, 0, 1, '2017-03-01 19:03:28', '2017-03-01 19:03:28');
INSERT INTO `t_sale_chance` VALUES (53, '', NULL, 'asad', NULL, '', '10', '', '', '', '', NULL, 0, 0, 1, '2017-03-01 19:04:58', '2017-03-01 19:04:58');
INSERT INTO `t_sale_chance` VALUES (54, '', NULL, 'ASasa', NULL, '', '', '', '', '', '', NULL, 0, 0, 0, '2017-03-01 19:05:46', '2017-03-01 19:05:46');
INSERT INTO `t_sale_chance` VALUES (55, '', NULL, '213213', 0, '', '', '', '', '', '', NULL, 0, 0, 0, '2017-03-01 19:09:04', '2017-06-29 17:29:44');
INSERT INTO `t_sale_chance` VALUES (56, '', NULL, 'wwwwwwww', NULL, '', '', '', '', 'Tony', '', NULL, 0, 0, 1, '2017-03-01 19:10:20', '2017-06-29 17:22:23');
INSERT INTO `t_sale_chance` VALUES (57, '胜多负少', 1, '北京大牛科技', 10, '水电费', ' 水电费', '13888888888', '水电费', 'lezijie', '2', NULL, 1, 3, 1, '2017-06-23 15:57:27', '2021-05-20 16:46:24');
INSERT INTO `t_sale_chance` VALUES (58, '老裴推荐', 1, '北京大牛科技', 10, '需要服务器', '廖静静', '13888888888', '不知道', NULL, '', NULL, 0, 0, 1, '2017-06-27 12:15:31', '2017-06-27 12:15:31');
INSERT INTO `t_sale_chance` VALUES (59, '山东省地方', 20, '腾讯', 22, '水电费', '东方闪电', '13888888888', '水电费', 'shsxt', '2', NULL, 1, 0, 1, '2017-06-27 12:20:09', '2021-05-20 15:29:44');
INSERT INTO `t_sale_chance` VALUES (60, '友情推荐', 16, '风驰科技', 80, '需要服务若干台', '老裴', '1366666666', '老裴公司需要服务器多少多少台', 'lezijie', '', NULL, 0, 0, 1, '2017-08-10 16:05:10', '2017-08-10 16:05:10');
INSERT INTO `t_sale_chance` VALUES (61, '老裴推荐', 34, '网易科技有限公司', 89, '需要服务器5台', '老裴', '13999999999', '水电费水电费水电费水电费', 'lezijie', '2', NULL, 1, 1, 1, '2017-08-13 15:08:04', '2021-05-20 15:29:39');
INSERT INTO `t_sale_chance` VALUES (62, '廖老师介绍', 35, '腾讯科技', 80, '需要服务器5台', '李壮壮', '13666666666', '哈哈哈哈哈哈', 'shsxt', '2', NULL, 1, 2, 1, '2017-08-13 15:10:17', '2021-05-20 16:45:11');

-- ----------------------------
-- Table structure for t_test
-- ----------------------------
DROP TABLE IF EXISTS `t_test`;
CREATE TABLE `t_test`  (
  `id` int NOT NULL,
  `name` varchar(255) CHARACTER SET utf8 COLLATE utf8_general_ci NULL DEFAULT NULL,
  `is_valid` int NULL DEFAULT NULL,
  PRIMARY KEY (`id`) USING BTREE
) ENGINE = InnoDB CHARACTER SET = utf8 COLLATE = utf8_general_ci ROW_FORMAT = DYNAMIC;

-- ----------------------------
-- Records of t_test
-- ----------------------------
INSERT INTO `t_test` VALUES (1, 'a', 1);
INSERT INTO `t_test` VALUES (2, 'a', 1);
INSERT INTO `t_test` VALUES (3, 'a', 1);
INSERT INTO `t_test` VALUES (4, 'a', 1);
INSERT INTO `t_test` VALUES (5, 'a', 1);
INSERT INTO `t_test` VALUES (6, 'a', 1);

-- ----------------------------
-- Table structure for t_user
-- ----------------------------
DROP TABLE IF EXISTS `t_user`;
CREATE TABLE `t_user`  (
  `id` bigint NOT NULL AUTO_INCREMENT,
  `username` varchar(20) CHARACTER SET utf8 COLLATE utf8_general_ci NOT NULL,
  `password` varchar(100) CHARACTER SET utf8 COLLATE utf8_general_ci NOT NULL,
  `salt` varchar(4) CHARACTER SET utf8 COLLATE utf8_general_ci NOT NULL,
  `truename` varchar(20) CHARACTER SET utf8 COLLATE utf8_general_ci NULL DEFAULT NULL,
  `email` varchar(30) CHARACTER SET utf8 COLLATE utf8_general_ci NULL DEFAULT NULL,
  `phone` varchar(20) CHARACTER SET utf8 COLLATE utf8_general_ci NULL DEFAULT NULL,
  `state` tinyint(1) NOT NULL,
  `is_valid` tinyint(1) NOT NULL,
  `create_date` datetime(6) NOT NULL,
  `update_date` datetime(6) NULL DEFAULT NULL,
  PRIMARY KEY (`id`) USING BTREE
) ENGINE = InnoDB AUTO_INCREMENT = 27 CHARACTER SET = utf8 COLLATE = utf8_general_ci ROW_FORMAT = DYNAMIC;

-- ----------------------------
-- Records of t_user
-- ----------------------------
INSERT INTO `t_user` VALUES (1, 'admin', '89af5431158542569765af856c9eded1', 'a2b3', 'admin', 'admin@lezijie.com', '10000000000', 1, 1, '2021-04-14 10:20:35.000000', '2021-05-28 21:26:53.952080');
INSERT INTO `t_user` VALUES (2, 'zhangsan', 'af537461c8b68199d3a7dcf71233686d', 'XdgZ', '张三', 'zhangsan@lezijie.com', '13830000000', 1, 1, '2021-04-14 12:28:30.000000', '2021-06-02 17:15:27.810486');
INSERT INTO `t_user` VALUES (3, 'lisi', 'f0e288994f5fe8ad9cc52d74430bcb46', 'ObDS', '李四', 'lisi@lezijie.com', '13000000000', 1, 1, '2021-05-24 17:40:08.660023', '2021-06-02 17:15:32.357497');
INSERT INTO `t_user` VALUES (4, 'wangwu', 'e10adc3949ba59abbe56e057f20f883e', '', '王五', 'wangwu@lezijie.com', '13800000000', 0, 1, '2021-05-25 16:41:48.721468', '2021-06-02 17:15:37.522069');
INSERT INTO `t_user` VALUES (5, 'zhaoliu', 'd2c5637b74de72dc9177a1794ed651d6', 'Nmkc', '赵六', 'zhaoliu@lezijie.com', '13000000000', 1, 1, '2021-05-31 16:27:16.442925', '2021-06-02 17:08:48.863346');

-- ----------------------------
-- Table structure for t_user_role
-- ----------------------------
DROP TABLE IF EXISTS `t_user_role`;
CREATE TABLE `t_user_role`  (
  `id` int NOT NULL AUTO_INCREMENT,
  `user_id` int NULL DEFAULT NULL,
  `role_id` int NULL DEFAULT NULL,
  `is_valid` tinyint NULL DEFAULT NULL,
  `create_date` datetime NULL DEFAULT NULL ON UPDATE CURRENT_TIMESTAMP,
  `update_date` datetime NULL DEFAULT NULL ON UPDATE CURRENT_TIMESTAMP,
  PRIMARY KEY (`id`) USING BTREE
) ENGINE = InnoDB AUTO_INCREMENT = 65 CHARACTER SET = utf8 COLLATE = utf8_general_ci ROW_FORMAT = DYNAMIC;

-- ----------------------------
-- Records of t_user_role
-- ----------------------------
INSERT INTO `t_user_role` VALUES (56, 1, 1, 1, '2021-05-28 21:26:54', '2021-05-28 21:26:54');
INSERT INTO `t_user_role` VALUES (58, 5, 2, 1, '2021-06-02 17:14:54', '2021-06-02 17:14:54');
INSERT INTO `t_user_role` VALUES (59, 2, 2, 1, '2021-06-02 17:15:28', '2021-06-02 17:15:28');
INSERT INTO `t_user_role` VALUES (60, 2, 3, 1, '2021-06-02 17:15:28', '2021-06-02 17:15:28');
INSERT INTO `t_user_role` VALUES (61, 3, 3, 1, '2021-06-02 17:15:32', '2021-06-02 17:15:32');
INSERT INTO `t_user_role` VALUES (62, 3, 4, 1, '2021-06-02 17:15:32', '2021-06-02 17:15:32');
INSERT INTO `t_user_role` VALUES (63, 4, 3, 1, '2021-06-02 17:15:38', '2021-06-02 17:15:38');
INSERT INTO `t_user_role` VALUES (64, 4, 4, 1, '2021-06-02 17:15:38', '2021-06-02 17:15:38');

SET FOREIGN_KEY_CHECKS = 1;
